trade_week,ETF名称,ts_code,板块,权重(%),Gate,Regime_csi,scale
2019-03-29,黄金ETF,159934.SZ,周期资源,100.0,RISK-OFF,OFF,1.0
2019-04-04,黄金ETF,159934.SZ,周期资源,100.0,RISK-OFF,OFF,1.0
2019-04-12,黄金ETF,159934.SZ,周期资源,100.0,RISK-OFF,OFF,1.0
2019-04-19,黄金ETF,159934.SZ,周期资源,100.0,RISK-OFF,OFF,1.0
2019-04-26,黄金ETF,159934.SZ,周期资源,100.0,RISK-OFF,OFF,1.0
2019-04-30,黄金ETF,159934.SZ,周期资源,100.0,RISK-OFF,OFF,1.0
2019-05-10,黄金ETF,159934.SZ,周期资源,100.0,RISK-OFF,OFF,1.0
2019-05-17,黄金ETF,159934.SZ,周期资源,100.0,RISK-OFF,OFF,1.0
2019-05-24,黄金ETF,159934.SZ,周期资源,100.0,RISK-OFF,OFF,1.0
2019-05-31,黄金ETF,159934.SZ,周期资源,100.0,RISK-OFF,OFF,1.0
2019-06-06,黄金ETF,159934.SZ,周期资源,100.0,RISK-OFF,ON,1.0
2019-06-14,黄金ETF,159934.SZ,周期资源,100.0,RISK-OFF,ON,1.0
2019-06-21,黄金ETF,159934.SZ,周期资源,100.0,RISK-OFF,ON,1.0
2019-06-28,黄金ETF,159934.SZ,周期资源,12.5,RISK-ON,ON,1.0
2019-06-28,医药ETF,512010.SH,医疗,12.5,RISK-ON,ON,1.0
2019-06-28,房地产ETF,512200.SH,地产链,12.5,RISK-ON,ON,1.0
2019-06-28,证券ETF,512880.SH,大金融,12.5,RISK-ON,ON,1.0
2019-07-05,医药ETF,512010.SH,医疗,12.5,RISK-ON,ON,1.0
2019-07-05,房地产ETF,512200.SH,地产链,12.5,RISK-ON,ON,1.0
2019-07-05,军工ETF,512660.SH,高端制造,12.5,RISK-ON,ON,1.0
2019-07-05,证券ETF,512880.SH,大金融,12.5,RISK-ON,ON,1.0
2019-07-12,黄金ETF,159934.SZ,周期资源,12.5,RISK-ON,ON,1.0
2019-07-12,医药ETF,512010.SH,医疗,12.5,RISK-ON,ON,1.0
2019-07-12,军工ETF,512660.SH,高端制造,12.5,RISK-ON,ON,1.0
2019-07-12,证券ETF,512880.SH,大金融,12.5,RISK-ON,ON,1.0
2019-07-19,黄金ETF,159934.SZ,周期资源,12.5,RISK-ON,ON,1.0
2019-07-19,医药ETF,512010.SH,医疗,12.5,RISK-ON,ON,1.0
2019-07-19,房地产ETF,512200.SH,地产链,12.5,RISK-ON,ON,1.0
2019-07-19,军工ETF,512660.SH,高端制造,12.5,RISK-ON,ON,1.0
2019-07-26,黄金ETF,159934.SZ,周期资源,12.5,RISK-ON,ON,1.0
2019-07-26,医药ETF,512010.SH,医疗,12.5,RISK-ON,ON,1.0
2019-07-26,房地产ETF,512200.SH,地产链,12.5,RISK-ON,ON,1.0
2019-07-26,军工ETF,512660.SH,高端制造,12.5,RISK-ON,ON,1.0
2019-08-02,黄金ETF,159934.SZ,周期资源,50.0,RISK-ON,ON,1.0
2019-08-09,黄金ETF,159934.SZ,周期资源,62.5,RISK-ON,OFF,1.0
2019-08-09,医药ETF,512010.SH,医疗,12.5,RISK-ON,OFF,1.0
2019-08-09,军工ETF,512660.SH,高端制造,12.5,RISK-ON,OFF,1.0
2019-08-09,银行ETF,512800.SH,大金融,12.5,RISK-ON,OFF,1.0
2019-08-16,医药ETF,512010.SH,医疗,29.17,RISK-ON,OFF,1.0
2019-08-16,酒ETF,512690.SH,大消费,29.17,RISK-ON,OFF,1.0
2019-08-16,黄金ETF,159934.SZ,周期资源,16.67,RISK-ON,OFF,1.0
2019-08-16,军工ETF,512660.SH,高端制造,12.5,RISK-ON,OFF,1.0
2019-08-16,银行ETF,512800.SH,大金融,12.5,RISK-ON,OFF,1.0
2019-08-23,黄金ETF,159934.SZ,周期资源,29.17,RISK-ON,OFF,1.0
2019-08-23,医药ETF,512010.SH,医疗,29.17,RISK-ON,OFF,1.0
2019-08-23,酒ETF,512690.SH,大消费,29.17,RISK-ON,OFF,1.0
2019-08-23,军工ETF,512660.SH,高端制造,12.5,RISK-ON,OFF,1.0
2019-08-30,医药ETF,512010.SH,医疗,25.0,RISK-ON,OFF,1.0
2019-08-30,酒ETF,512690.SH,大消费,25.0,RISK-ON,OFF,1.0
2019-08-30,军工ETF,512660.SH,高端制造,25.0,RISK-ON,OFF,1.0
2019-08-30,黄金ETF,159934.SZ,周期资源,12.5,RISK-ON,OFF,1.0
2019-08-30,房地产ETF,512200.SH,地产链,12.5,RISK-ON,OFF,1.0
2019-09-06,医药ETF,512010.SH,医疗,25.0,RISK-ON,OFF,1.0
2019-09-06,半导体ETF,512480.SH,半导体芯片,25.0,RISK-ON,OFF,1.0
2019-09-06,军工ETF,512660.SH,高端制造,25.0,RISK-ON,OFF,1.0
2019-09-06,酒ETF,512690.SH,大消费,25.0,RISK-ON,OFF,1.0
2019-09-12,房地产ETF,512200.SH,地产链,25.0,RISK-ON,OFF,1.0
2019-09-12,军工ETF,512660.SH,高端制造,25.0,RISK-ON,OFF,1.0
2019-09-12,半导体ETF,512480.SH,半导体芯片,25.0,RISK-ON,OFF,1.0
2019-09-12,医药ETF,512010.SH,医疗,12.5,RISK-ON,OFF,1.0
2019-09-12,证券ETF,512880.SH,大金融,12.5,RISK-ON,OFF,1.0
2019-09-20,医药ETF,512010.SH,医疗,25.0,RISK-ON,OFF,1.0
2019-09-20,房地产ETF,512200.SH,地产链,25.0,RISK-ON,OFF,1.0
2019-09-20,半导体ETF,512480.SH,半导体芯片,25.0,RISK-ON,OFF,1.0
2019-09-20,军工ETF,512660.SH,高端制造,12.5,RISK-ON,OFF,1.0
2019-09-20,酒ETF,512690.SH,大消费,12.5,RISK-ON,OFF,1.0
2019-09-27,房地产ETF,512200.SH,地产链,29.17,RISK-ON,OFF,1.0
2019-09-27,半导体ETF,512480.SH,半导体芯片,29.17,RISK-ON,OFF,1.0
2019-09-27,证券ETF,512880.SH,大金融,16.67,RISK-ON,OFF,1.0
2019-09-27,医药ETF,512010.SH,医疗,12.5,RISK-ON,OFF,1.0
2019-09-27,银行ETF,512800.SH,大金融,12.5,RISK-ON,OFF,1.0
2019-09-30,房地产ETF,512200.SH,地产链,12.5,RISK-ON,OFF,1.0
2019-09-30,半导体ETF,512480.SH,半导体芯片,12.5,RISK-ON,OFF,1.0
2019-09-30,酒ETF,512690.SH,大消费,12.5,RISK-ON,OFF,1.0
2019-09-30,银行ETF,512800.SH,大金融,12.5,RISK-ON,OFF,1.0
2019-10-11,医药ETF,512010.SH,医疗,29.17,RISK-ON,OFF,1.0
2019-10-11,酒ETF,512690.SH,大消费,29.17,RISK-ON,OFF,1.0
2019-10-11,黄金ETF,159934.SZ,周期资源,16.67,RISK-ON,OFF,1.0
2019-10-11,房地产ETF,512200.SH,地产链,12.5,RISK-ON,OFF,1.0
2019-10-11,银行ETF,512800.SH,大金融,12.5,RISK-ON,OFF,1.0
2019-10-18,医药ETF,512010.SH,医疗,62.5,RISK-ON,OFF,1.0
2019-10-18,房地产ETF,512200.SH,地产链,12.5,RISK-ON,OFF,1.0
2019-10-18,酒ETF,512690.SH,大消费,12.5,RISK-ON,OFF,1.0
2019-10-18,银行ETF,512800.SH,大金融,12.5,RISK-ON,OFF,1.0
2019-10-25,医药ETF,512010.SH,医疗,29.17,RISK-ON,OFF,1.0
2019-10-25,房地产ETF,512200.SH,地产链,29.17,RISK-ON,OFF,1.0
2019-10-25,银行ETF,512800.SH,大金融,29.17,RISK-ON,OFF,1.0
2019-10-25,酒ETF,512690.SH,大消费,12.5,RISK-ON,OFF,1.0
2019-11-01,医药ETF,512010.SH,医疗,25.0,RISK-ON,OFF,1.0
2019-11-01,房地产ETF,512200.SH,地产链,25.0,RISK-ON,OFF,1.0
2019-11-01,酒ETF,512690.SH,大消费,25.0,RISK-ON,OFF,1.0
2019-11-01,银行ETF,512800.SH,大金融,25.0,RISK-ON,OFF,1.0
2019-11-08,医药ETF,512010.SH,医疗,29.17,RISK-ON,OFF,1.0
2019-11-08,半导体ETF,512480.SH,半导体芯片,29.17,RISK-ON,OFF,1.0
2019-11-08,酒ETF,512690.SH,大消费,29.17,RISK-ON,OFF,1.0
2019-11-08,银行ETF,512800.SH,大金融,12.5,RISK-ON,OFF,1.0
2019-11-15,医药ETF,512010.SH,医疗,29.17,RISK-ON,OFF,1.0
2019-11-15,半导体ETF,512480.SH,半导体芯片,29.17,RISK-ON,OFF,1.0
2019-11-15,酒ETF,512690.SH,大消费,29.17,RISK-ON,OFF,1.0
2019-11-15,银行ETF,512800.SH,大金融,12.5,RISK-ON,OFF,1.0
2019-11-22,医药ETF,512010.SH,医疗,29.17,RISK-ON,OFF,1.0
2019-11-22,半导体ETF,512480.SH,半导体芯片,29.17,RISK-ON,OFF,1.0
2019-11-22,酒ETF,512690.SH,大消费,29.17,RISK-ON,OFF,1.0
2019-11-22,军工ETF,512660.SH,高端制造,12.5,RISK-ON,OFF,1.0
2019-11-29,半导体ETF,512480.SH,半导体芯片,61.52,RISK-ON,OFF,0.9843
2019-11-29,军工ETF,512660.SH,高端制造,12.3,RISK-ON,OFF,0.9843
2019-11-29,酒ETF,512690.SH,大消费,12.3,RISK-ON,OFF,0.9843
2019-11-29,通信ETF,515880.SH,通信光模块,12.3,RISK-ON,OFF,0.9843
2019-12-06,酒ETF,512690.SH,大消费,20.24,RISK-ON,OFF,0.8096
2019-12-06,半导体ETF,512480.SH,半导体芯片,20.24,RISK-ON,OFF,0.8096
2019-12-06,房地产ETF,512200.SH,地产链,10.12,RISK-ON,OFF,0.8096
2019-12-06,黄金ETF,159934.SZ,周期资源,10.12,RISK-ON,OFF,0.8096
2019-12-06,军工ETF,512660.SH,高端制造,10.12,RISK-ON,OFF,0.8096
2019-12-06,通信ETF,515880.SH,通信光模块,10.12,RISK-ON,OFF,0.8096
2019-12-13,房地产ETF,512200.SH,地产链,20.18,RISK-ON,OFF,0.8071
2019-12-13,半导体ETF,512480.SH,半导体芯片,20.18,RISK-ON,OFF,0.8071
2019-12-13,军工ETF,512660.SH,高端制造,20.18,RISK-ON,OFF,0.8071
2019-12-13,通信ETF,515880.SH,通信光模块,20.18,RISK-ON,OFF,0.8071
2019-12-20,房地产ETF,512200.SH,地产链,20.37,RISK-ON,OFF,0.8148
2019-12-20,半导体ETF,512480.SH,半导体芯片,20.37,RISK-ON,OFF,0.8148
2019-12-20,通信ETF,515880.SH,通信光模块,20.37,RISK-ON,OFF,0.8148
2019-12-20,军工ETF,512660.SH,高端制造,10.19,RISK-ON,OFF,0.8148
2019-12-20,证券ETF,512880.SH,大金融,10.19,RISK-ON,OFF,0.8148
2019-12-27,房地产ETF,512200.SH,地产链,20.24,RISK-ON,OFF,0.8098
2019-12-27,半导体ETF,512480.SH,半导体芯片,20.24,RISK-ON,OFF,0.8098
2019-12-27,通信ETF,515880.SH,通信光模块,20.24,RISK-ON,OFF,0.8098
2019-12-27,银行ETF,512800.SH,大金融,10.12,RISK-ON,OFF,0.8098
2019-12-27,证券ETF,512880.SH,大金融,10.12,RISK-ON,OFF,0.8098
2020-01-03,房地产ETF,512200.SH,地产链,19.49,RISK-ON,OFF,0.7794
2020-01-03,半导体ETF,512480.SH,半导体芯片,19.49,RISK-ON,OFF,0.7794
2020-01-03,通信ETF,515880.SH,通信光模块,19.49,RISK-ON,OFF,0.7794
2020-01-03,银行ETF,512800.SH,大金融,9.74,RISK-ON,OFF,0.7794
2020-01-03,证券ETF,512880.SH,大金融,9.74,RISK-ON,OFF,0.7794
2020-01-10,半导体ETF,512480.SH,半导体芯片,19.78,RISK-ON,OFF,0.7911
2020-01-10,军工ETF,512660.SH,高端制造,19.78,RISK-ON,OFF,0.7911
2020-01-10,酒ETF,512690.SH,大消费,19.78,RISK-ON,OFF,0.7911
2020-01-10,通信ETF,515880.SH,通信光模块,19.78,RISK-ON,OFF,0.7911
2020-01-17,医药ETF,512010.SH,医疗,19.67,RISK-ON,OFF,0.7869
2020-01-17,半导体ETF,512480.SH,半导体芯片,19.67,RISK-ON,OFF,0.7869
2020-01-17,酒ETF,512690.SH,大消费,19.67,RISK-ON,OFF,0.7869
2020-01-17,通信ETF,515880.SH,通信光模块,19.67,RISK-ON,OFF,0.7869
2020-01-23,医药ETF,512010.SH,医疗,19.71,RISK-ON,OFF,0.7885
2020-01-23,半导体ETF,512480.SH,半导体芯片,19.71,RISK-ON,OFF,0.7885
2020-01-23,军工ETF,512660.SH,高端制造,19.71,RISK-ON,OFF,0.7885
2020-01-23,通信ETF,515880.SH,通信光模块,19.71,RISK-ON,OFF,0.7885
2020-02-07,医药ETF,512010.SH,医疗,19.95,RISK-ON,OFF,0.7979
2020-02-07,军工ETF,512660.SH,高端制造,19.95,RISK-ON,OFF,0.7979
2020-02-07,半导体ETF,512480.SH,半导体芯片,19.95,RISK-ON,OFF,0.7979
2020-02-07,黄金ETF,159934.SZ,周期资源,9.97,RISK-ON,OFF,0.7979
2020-02-07,通信ETF,515880.SH,通信光模块,9.97,RISK-ON,OFF,0.7979
2020-02-14,医药ETF,512010.SH,医疗,20.36,RISK-ON,OFF,0.8144
2020-02-14,军工ETF,512660.SH,高端制造,20.36,RISK-ON,OFF,0.8144
2020-02-14,半导体ETF,512480.SH,半导体芯片,20.36,RISK-ON,OFF,0.8144
2020-02-14,黄金ETF,159934.SZ,周期资源,10.18,RISK-ON,OFF,0.8144
2020-02-14,通信ETF,515880.SH,通信光模块,10.18,RISK-ON,OFF,0.8144
2020-02-21,半导体ETF,512480.SH,半导体芯片,15.82,RISK-ON,OFF,0.6329
2020-02-21,通信ETF,515880.SH,通信光模块,15.82,RISK-ON,OFF,0.6329
2020-02-21,军工ETF,512660.SH,高端制造,15.82,RISK-ON,OFF,0.6329
2020-02-21,黄金ETF,159934.SZ,周期资源,7.91,RISK-ON,OFF,0.6329
2020-02-21,医药ETF,512010.SH,医疗,7.91,RISK-ON,OFF,0.6329
2020-02-28,黄金ETF,159934.SZ,周期资源,14.11,RISK-ON,OFF,0.5642
2020-02-28,半导体ETF,512480.SH,半导体芯片,14.11,RISK-ON,OFF,0.5642
2020-02-28,军工ETF,512660.SH,高端制造,14.11,RISK-ON,OFF,0.5642
2020-02-28,通信ETF,515880.SH,通信光模块,14.11,RISK-ON,OFF,0.5642
2020-03-06,房地产ETF,512200.SH,地产链,14.17,RISK-ON,OFF,0.5669
2020-03-06,军工ETF,512660.SH,高端制造,14.17,RISK-ON,OFF,0.5669
2020-03-06,通信ETF,515880.SH,通信光模块,14.17,RISK-ON,OFF,0.5669
2020-03-06,酒ETF,512690.SH,大消费,7.09,RISK-ON,OFF,0.5669
2020-03-06,证券ETF,512880.SH,大金融,7.09,RISK-ON,OFF,0.5669
2020-03-13,通信ETF,515880.SH,通信光模块,13.84,RISK-ON,OFF,0.5535
2020-03-13,军工ETF,512660.SH,高端制造,13.84,RISK-ON,OFF,0.5535
2020-03-13,房地产ETF,512200.SH,地产链,6.92,RISK-ON,OFF,0.5535
2020-03-13,黄金ETF,159934.SZ,周期资源,6.92,RISK-ON,OFF,0.5535
2020-03-13,酒ETF,512690.SH,大消费,6.92,RISK-ON,OFF,0.5535
2020-03-13,证券ETF,512880.SH,大金融,6.92,RISK-ON,OFF,0.5535
2020-03-20,黄金ETF,159934.SZ,周期资源,49.9,RISK-OFF,OFF,0.499
2020-03-27,黄金ETF,159934.SZ,周期资源,45.87,RISK-OFF,OFF,0.4587
2020-04-03,黄金ETF,159934.SZ,周期资源,47.09,RISK-OFF,OFF,0.4709
2020-04-10,黄金ETF,159934.SZ,周期资源,47.24,RISK-OFF,OFF,0.4724
2020-04-17,医药ETF,512010.SH,医疗,11.79,RISK-ON,ON,0.4715
2020-04-17,酒ETF,512690.SH,大消费,11.79,RISK-ON,ON,0.4715
2020-04-17,房地产ETF,512200.SH,地产链,11.79,RISK-ON,ON,0.4715
2020-04-17,黄金ETF,159934.SZ,周期资源,5.89,RISK-ON,ON,0.4715
2020-04-17,有色ETF,159980.SZ,周期资源,5.89,RISK-ON,ON,0.4715
2020-04-24,有色ETF,159980.SZ,周期资源,11.82,RISK-ON,ON,0.4729
2020-04-24,医药ETF,512010.SH,医疗,11.82,RISK-ON,ON,0.4729
2020-04-24,军工ETF,512660.SH,高端制造,11.82,RISK-ON,ON,0.4729
2020-04-24,酒ETF,512690.SH,大消费,11.82,RISK-ON,ON,0.4729
2020-04-30,医药ETF,512010.SH,医疗,11.82,RISK-ON,ON,0.473
2020-04-30,酒ETF,512690.SH,大消费,11.82,RISK-ON,ON,0.473
2020-04-30,军工ETF,512660.SH,高端制造,11.82,RISK-ON,ON,0.473
2020-04-30,有色ETF,159980.SZ,周期资源,5.91,RISK-ON,ON,0.473
2020-04-30,半导体ETF,512480.SH,半导体芯片,5.91,RISK-ON,ON,0.473
2020-05-08,半导体ETF,512480.SH,半导体芯片,11.75,RISK-ON,ON,0.4701
2020-05-08,军工ETF,512660.SH,高端制造,11.75,RISK-ON,ON,0.4701
2020-05-08,酒ETF,512690.SH,大消费,11.75,RISK-ON,ON,0.4701
2020-05-08,通信ETF,515880.SH,通信光模块,5.88,RISK-ON,ON,0.4701
2020-05-08,AI_ETF,515980.SH,AI数字,5.88,RISK-ON,ON,0.4701
2020-05-15,半导体ETF,512480.SH,半导体芯片,11.74,RISK-ON,ON,0.4698
2020-05-15,军工ETF,512660.SH,高端制造,11.74,RISK-ON,ON,0.4698
2020-05-15,酒ETF,512690.SH,大消费,11.74,RISK-ON,ON,0.4698
2020-05-15,通信ETF,515880.SH,通信光模块,5.87,RISK-ON,ON,0.4698
2020-05-15,AI_ETF,515980.SH,AI数字,5.87,RISK-ON,ON,0.4698
2020-05-22,有色ETF,159980.SZ,周期资源,11.31,RISK-ON,ON,0.4524
2020-05-22,医药ETF,512010.SH,医疗,11.31,RISK-ON,ON,0.4524
2020-05-22,半导体ETF,512480.SH,半导体芯片,11.31,RISK-ON,ON,0.4524
2020-05-22,酒ETF,512690.SH,大消费,11.31,RISK-ON,ON,0.4524
2020-05-29,酒ETF,512690.SH,大消费,11.45,RISK-ON,ON,0.4581
2020-05-29,医药ETF,512010.SH,医疗,11.45,RISK-ON,ON,0.4581
2020-05-29,有色ETF,159980.SZ,周期资源,5.73,RISK-ON,ON,0.4581
2020-05-29,黄金ETF,159934.SZ,周期资源,5.73,RISK-ON,ON,0.4581
2020-05-29,新能源车ETF,515030.SH,新能源,5.73,RISK-ON,ON,0.4581
2020-05-29,钢铁ETF,515210.SH,周期资源,5.73,RISK-ON,ON,0.4581
2020-06-05,有色ETF,159980.SZ,周期资源,11.49,RISK-ON,ON,0.4595
2020-06-05,医药ETF,512010.SH,医疗,11.49,RISK-ON,ON,0.4595
2020-06-05,酒ETF,512690.SH,大消费,11.49,RISK-ON,ON,0.4595
2020-06-05,新能源车ETF,515030.SH,新能源,5.74,RISK-ON,ON,0.4595
2020-06-05,煤炭ETF,515220.SH,周期资源,5.74,RISK-ON,ON,0.4595
2020-06-12,有色ETF,159980.SZ,周期资源,12.12,RISK-ON,ON,0.4848
2020-06-12,医药ETF,512010.SH,医疗,12.12,RISK-ON,ON,0.4848
2020-06-12,酒ETF,512690.SH,大消费,12.12,RISK-ON,ON,0.4848
2020-06-12,新能源车ETF,515030.SH,新能源,6.06,RISK-ON,ON,0.4848
2020-06-12,钢铁ETF,515210.SH,周期资源,6.06,RISK-ON,ON,0.4848
2020-06-19,医药ETF,512010.SH,医疗,12.0,RISK-ON,OFF,0.4798
2020-06-19,酒ETF,512690.SH,大消费,12.0,RISK-ON,OFF,0.4798
2020-06-19,新能源车ETF,515030.SH,新能源,12.0,RISK-ON,OFF,0.4798
2020-06-19,钢铁ETF,515210.SH,周期资源,6.0,RISK-ON,OFF,0.4798
2020-06-19,通信ETF,515880.SH,通信光模块,6.0,RISK-ON,OFF,0.4798
2020-06-24,医药ETF,512010.SH,医疗,11.99,RISK-ON,OFF,0.4796
2020-06-24,新能源车ETF,515030.SH,新能源,11.99,RISK-ON,OFF,0.4796
2020-06-24,通信ETF,515880.SH,通信光模块,11.99,RISK-ON,OFF,0.4796
2020-06-24,半导体ETF,512480.SH,半导体芯片,5.99,RISK-ON,OFF,0.4796
2020-06-24,AI_ETF,515980.SH,AI数字,5.99,RISK-ON,OFF,0.4796
2020-07-03,创新药ETF,159992.SZ,医疗,11.99,RISK-ON,OFF,0.4798
2020-07-03,酒ETF,512690.SH,大消费,11.99,RISK-ON,OFF,0.4798
2020-07-03,医药ETF,512010.SH,医疗,6.0,RISK-ON,OFF,0.4798
2020-07-03,房地产ETF,512200.SH,地产链,6.0,RISK-ON,OFF,0.4798
2020-07-03,证券ETF,512880.SH,大金融,6.0,RISK-ON,OFF,0.4798
2020-07-03,煤炭ETF,515220.SH,周期资源,6.0,RISK-ON,OFF,0.4798
2020-07-10,半导体ETF,512480.SH,半导体芯片,11.31,RISK-ON,OFF,0.4524
2020-07-10,酒ETF,512690.SH,大消费,11.31,RISK-ON,OFF,0.4524
2020-07-10,创新药ETF,159992.SZ,医疗,5.66,RISK-ON,OFF,0.4524
2020-07-10,军工ETF,512660.SH,高端制造,5.66,RISK-ON,OFF,0.4524
2020-07-10,证券ETF,512880.SH,大金融,5.66,RISK-ON,OFF,0.4524
2020-07-10,煤炭ETF,515220.SH,周期资源,5.66,RISK-ON,OFF,0.4524
2020-07-17,酒ETF,512690.SH,大消费,10.61,RISK-ON,OFF,0.4246
2020-07-17,军工ETF,512660.SH,高端制造,10.61,RISK-ON,OFF,0.4246
2020-07-17,半导体ETF,512480.SH,半导体芯片,5.31,RISK-ON,OFF,0.4246
2020-07-17,创新药ETF,159992.SZ,医疗,5.31,RISK-ON,OFF,0.4246
2020-07-17,证券ETF,512880.SH,大金融,5.31,RISK-ON,OFF,0.4246
2020-07-17,红利ETF,515080.SH,红利,5.31,RISK-ON,OFF,0.4246
2020-07-24,创新药ETF,159992.SZ,医疗,10.62,RISK-ON,OFF,0.425
2020-07-24,军工ETF,512660.SH,高端制造,10.62,RISK-ON,OFF,0.425
2020-07-24,酒ETF,512690.SH,大消费,10.62,RISK-ON,OFF,0.425
2020-07-24,红利ETF,515080.SH,红利,10.62,RISK-ON,OFF,0.425
2020-07-31,创新药ETF,159992.SZ,医疗,10.48,RISK-ON,OFF,0.419
2020-07-31,红利ETF,515080.SH,红利,10.48,RISK-ON,OFF,0.419
2020-07-31,军工ETF,512660.SH,高端制造,10.48,RISK-ON,OFF,0.419
2020-07-31,半导体ETF,512480.SH,半导体芯片,5.24,RISK-ON,OFF,0.419
2020-07-31,医药ETF,512010.SH,医疗,5.24,RISK-ON,OFF,0.419
2020-08-07,红利ETF,515080.SH,红利,10.41,RISK-ON,OFF,0.4163
2020-08-07,创新药ETF,159992.SZ,医疗,10.41,RISK-ON,OFF,0.4163
2020-08-07,有色ETF,159980.SZ,周期资源,5.2,RISK-ON,OFF,0.4163
2020-08-07,黄金ETF,159934.SZ,周期资源,5.2,RISK-ON,OFF,0.4163
2020-08-07,医药ETF,512010.SH,医疗,5.2,RISK-ON,OFF,0.4163
2020-08-07,军工ETF,512660.SH,高端制造,5.2,RISK-ON,OFF,0.4163
2020-08-14,房地产ETF,512200.SH,地产链,10.13,RISK-ON,OFF,0.4052
2020-08-14,军工ETF,512660.SH,高端制造,10.13,RISK-ON,OFF,0.4052
2020-08-14,红利ETF,515080.SH,红利,10.13,RISK-ON,OFF,0.4052
2020-08-14,半导体ETF,512480.SH,半导体芯片,5.06,RISK-ON,OFF,0.4052
2020-08-14,钢铁ETF,515210.SH,周期资源,5.06,RISK-ON,OFF,0.4052
2020-08-21,酒ETF,512690.SH,大消费,11.01,RISK-ON,OFF,0.4403
2020-08-21,红利ETF,515080.SH,红利,11.01,RISK-ON,OFF,0.4403
2020-08-21,军工ETF,512660.SH,高端制造,5.5,RISK-ON,OFF,0.4403
2020-08-21,证券ETF,512880.SH,大金融,5.5,RISK-ON,OFF,0.4403
2020-08-21,钢铁ETF,515210.SH,周期资源,5.5,RISK-ON,OFF,0.4403
2020-08-21,AI_ETF,515980.SH,AI数字,5.5,RISK-ON,OFF,0.4403
2020-08-28,红利ETF,515080.SH,红利,11.76,RISK-ON,OFF,0.4704
2020-08-28,酒ETF,512690.SH,大消费,11.76,RISK-ON,OFF,0.4704
2020-08-28,房地产ETF,512200.SH,地产链,5.88,RISK-ON,OFF,0.4704
2020-08-28,有色ETF,159980.SZ,周期资源,5.88,RISK-ON,OFF,0.4704
2020-08-28,军工ETF,512660.SH,高端制造,5.88,RISK-ON,OFF,0.4704
2020-08-28,钢铁ETF,515210.SH,周期资源,5.88,RISK-ON,OFF,0.4704
2020-09-04,红利ETF,515080.SH,红利,11.69,RISK-ON,OFF,0.4674
2020-09-04,酒ETF,512690.SH,大消费,11.69,RISK-ON,OFF,0.4674
2020-09-04,房地产ETF,512200.SH,地产链,5.84,RISK-ON,OFF,0.4674
2020-09-04,有色ETF,159980.SZ,周期资源,5.84,RISK-ON,OFF,0.4674
2020-09-04,银行ETF,512800.SH,大金融,5.84,RISK-ON,OFF,0.4674
2020-09-04,煤炭ETF,515220.SH,周期资源,5.84,RISK-ON,OFF,0.4674
2020-09-11,酒ETF,512690.SH,大消费,13.77,RISK-ON,OFF,0.4721
2020-09-11,煤炭ETF,515220.SH,周期资源,13.77,RISK-ON,OFF,0.4721
2020-09-11,红利ETF,515080.SH,红利,7.87,RISK-ON,OFF,0.4721
2020-09-11,有色ETF,159980.SZ,周期资源,5.9,RISK-ON,OFF,0.4721
2020-09-11,钢铁ETF,515210.SH,周期资源,5.9,RISK-ON,OFF,0.4721
2020-09-18,酒ETF,512690.SH,大消费,13.21,RISK-ON,OFF,0.5283
2020-09-18,新能源车ETF,515030.SH,新能源,13.21,RISK-ON,OFF,0.5283
2020-09-18,红利ETF,515080.SH,红利,13.21,RISK-ON,OFF,0.5283
2020-09-18,煤炭ETF,515220.SH,周期资源,13.21,RISK-ON,OFF,0.5283
2020-09-25,新能源车ETF,515030.SH,新能源,15.94,RISK-ON,OFF,0.5466
2020-09-25,煤炭ETF,515220.SH,周期资源,15.94,RISK-ON,OFF,0.5466
2020-09-25,银行ETF,512800.SH,大金融,9.11,RISK-ON,OFF,0.5466
2020-09-25,红利ETF,515080.SH,红利,6.83,RISK-ON,OFF,0.5466
2020-09-25,钢铁ETF,515210.SH,周期资源,6.83,RISK-ON,OFF,0.5466
2020-09-30,银行ETF,512800.SH,大金融,16.05,RISK-ON,OFF,0.5502
2020-09-30,新能源车ETF,515030.SH,新能源,16.05,RISK-ON,OFF,0.5502
2020-09-30,煤炭ETF,515220.SH,周期资源,16.05,RISK-ON,OFF,0.5502
2020-09-30,钢铁ETF,515210.SH,周期资源,6.88,RISK-ON,OFF,0.5502
2020-10-09,医药ETF,512010.SH,医疗,13.72,RISK-ON,ON,0.5487
2020-10-09,新能源车ETF,515030.SH,新能源,13.72,RISK-ON,ON,0.5487
2020-10-09,半导体ETF,512480.SH,半导体芯片,6.86,RISK-ON,ON,0.5487
2020-10-09,军工ETF,512660.SH,高端制造,6.86,RISK-ON,ON,0.5487
2020-10-09,红利ETF,515080.SH,红利,6.86,RISK-ON,ON,0.5487
2020-10-09,AI_ETF,515980.SH,AI数字,6.86,RISK-ON,ON,0.5487
2020-10-16,医药ETF,512010.SH,医疗,13.73,RISK-ON,ON,0.5493
2020-10-16,酒ETF,512690.SH,大消费,13.73,RISK-ON,ON,0.5493
2020-10-16,创新药ETF,159992.SZ,医疗,6.87,RISK-ON,ON,0.5493
2020-10-16,军工ETF,512660.SH,高端制造,6.87,RISK-ON,ON,0.5493
2020-10-16,新能源车ETF,515030.SH,新能源,6.87,RISK-ON,ON,0.5493
2020-10-16,煤炭ETF,515220.SH,周期资源,6.87,RISK-ON,ON,0.5493
2020-10-23,酒ETF,512690.SH,大消费,13.23,RISK-ON,ON,0.529
2020-10-23,新能源车ETF,515030.SH,新能源,13.23,RISK-ON,ON,0.529
2020-10-23,银行ETF,512800.SH,大金融,13.23,RISK-ON,ON,0.529
2020-10-23,有色ETF,159980.SZ,周期资源,6.61,RISK-ON,ON,0.529
2020-10-23,红利ETF,515080.SH,红利,6.61,RISK-ON,ON,0.529
2020-10-30,医药ETF,512010.SH,医疗,13.23,RISK-ON,ON,0.5292
2020-10-30,酒ETF,512690.SH,大消费,13.23,RISK-ON,ON,0.5292
2020-10-30,新能源车ETF,515030.SH,新能源,13.23,RISK-ON,ON,0.5292
2020-10-30,红利ETF,515080.SH,红利,13.23,RISK-ON,ON,0.5292
2020-11-06,酒ETF,512690.SH,大消费,13.04,RISK-ON,ON,0.5214
2020-11-06,红利ETF,515080.SH,红利,13.04,RISK-ON,ON,0.5214
2020-11-06,新能源车ETF,515030.SH,新能源,13.04,RISK-ON,ON,0.5214
2020-11-06,半导体ETF,512480.SH,半导体芯片,6.52,RISK-ON,ON,0.5214
2020-11-06,钢铁ETF,515210.SH,周期资源,6.52,RISK-ON,ON,0.5214
2020-11-13,酒ETF,512690.SH,大消费,13.06,RISK-ON,ON,0.5223
2020-11-13,红利ETF,515080.SH,红利,13.06,RISK-ON,ON,0.5223
2020-11-13,新能源车ETF,515030.SH,新能源,13.06,RISK-ON,ON,0.5223
2020-11-13,半导体ETF,512480.SH,半导体芯片,6.53,RISK-ON,ON,0.5223
2020-11-13,钢铁ETF,515210.SH,周期资源,6.53,RISK-ON,ON,0.5223
2020-11-20,酒ETF,512690.SH,大消费,13.69,RISK-ON,ON,0.5477
2020-11-20,红利ETF,515080.SH,红利,13.69,RISK-ON,ON,0.5477
2020-11-20,半导体ETF,512480.SH,半导体芯片,6.85,RISK-ON,ON,0.5477
2020-11-20,新能源车ETF,515030.SH,新能源,6.85,RISK-ON,ON,0.5477
2020-11-20,钢铁ETF,515210.SH,周期资源,6.85,RISK-ON,ON,0.5477
2020-11-20,煤炭ETF,515220.SH,周期资源,6.85,RISK-ON,ON,0.5477
2020-11-27,红利ETF,515080.SH,红利,13.66,RISK-ON,ON,0.5462
2020-11-27,军工ETF,512660.SH,高端制造,6.83,RISK-ON,ON,0.5462
2020-11-27,有色ETF,159980.SZ,周期资源,6.83,RISK-ON,ON,0.5462
2020-11-27,酒ETF,512690.SH,大消费,6.83,RISK-ON,ON,0.5462
2020-11-27,新能源车ETF,515030.SH,新能源,6.83,RISK-ON,ON,0.5462
2020-11-27,钢铁ETF,515210.SH,周期资源,6.83,RISK-ON,ON,0.5462
2020-11-27,煤炭ETF,515220.SH,周期资源,6.83,RISK-ON,ON,0.5462
2020-12-04,红利ETF,515080.SH,红利,13.75,RISK-ON,ON,0.5501
2020-12-04,酒ETF,512690.SH,大消费,13.75,RISK-ON,ON,0.5501
2020-12-04,军工ETF,512660.SH,高端制造,6.88,RISK-ON,ON,0.5501
2020-12-04,有色ETF,159980.SZ,周期资源,6.88,RISK-ON,ON,0.5501
2020-12-04,银行ETF,512800.SH,大金融,6.88,RISK-ON,ON,0.5501
2020-12-04,煤炭ETF,515220.SH,周期资源,6.88,RISK-ON,ON,0.5501
2020-12-11,酒ETF,512690.SH,大消费,13.68,RISK-ON,OFF,0.5471
2020-12-11,煤炭ETF,515220.SH,周期资源,13.68,RISK-ON,OFF,0.5471
2020-12-11,银行ETF,512800.SH,大金融,13.68,RISK-ON,OFF,0.5471
2020-12-11,有色ETF,159980.SZ,周期资源,6.84,RISK-ON,OFF,0.5471
2020-12-11,军工ETF,512660.SH,高端制造,6.84,RISK-ON,OFF,0.5471
2020-12-18,有色ETF,159980.SZ,周期资源,13.87,RISK-ON,OFF,0.5548
2020-12-18,医药ETF,512010.SH,医疗,13.87,RISK-ON,OFF,0.5548
2020-12-18,酒ETF,512690.SH,大消费,13.87,RISK-ON,OFF,0.5548
2020-12-18,新能源车ETF,515030.SH,新能源,13.87,RISK-ON,OFF,0.5548
2020-12-25,医药ETF,512010.SH,医疗,13.85,RISK-ON,OFF,0.5541
2020-12-25,新能源车ETF,515030.SH,新能源,13.85,RISK-ON,OFF,0.5541
2020-12-25,酒ETF,512690.SH,大消费,13.85,RISK-ON,OFF,0.5541
2020-12-25,创新药ETF,159992.SZ,医疗,6.93,RISK-ON,OFF,0.5541
2020-12-25,军工ETF,512660.SH,高端制造,6.93,RISK-ON,OFF,0.5541
2020-12-31,医药ETF,512010.SH,医疗,13.81,RISK-ON,OFF,0.5522
2020-12-31,新能源车ETF,515030.SH,新能源,13.81,RISK-ON,OFF,0.5522
2020-12-31,酒ETF,512690.SH,大消费,13.81,RISK-ON,OFF,0.5522
2020-12-31,创新药ETF,159992.SZ,医疗,6.9,RISK-ON,OFF,0.5522
2020-12-31,军工ETF,512660.SH,高端制造,6.9,RISK-ON,OFF,0.5522
2021-01-08,医药ETF,512010.SH,医疗,14.33,RISK-ON,OFF,0.5732
2021-01-08,军工ETF,512660.SH,高端制造,14.33,RISK-ON,OFF,0.5732
2021-01-08,酒ETF,512690.SH,大消费,14.33,RISK-ON,OFF,0.5732
2021-01-08,新能源车ETF,515030.SH,新能源,14.33,RISK-ON,OFF,0.5732
2021-01-15,军工ETF,512660.SH,高端制造,14.15,RISK-ON,OFF,0.566
2021-01-15,AI_ETF,515980.SH,AI数字,14.15,RISK-ON,OFF,0.566
2021-01-15,新能源车ETF,515030.SH,新能源,14.15,RISK-ON,OFF,0.566
2021-01-15,医药ETF,512010.SH,医疗,7.07,RISK-ON,OFF,0.566
2021-01-15,半导体ETF,512480.SH,半导体芯片,7.07,RISK-ON,OFF,0.566
2021-01-22,医药ETF,512010.SH,医疗,13.71,RISK-ON,OFF,0.5484
2021-01-22,新能源车ETF,515030.SH,新能源,13.71,RISK-ON,OFF,0.5484
2021-01-22,AI_ETF,515980.SH,AI数字,13.71,RISK-ON,OFF,0.5484
2021-01-22,军工ETF,512660.SH,高端制造,6.85,RISK-ON,OFF,0.5484
2021-01-22,通信ETF,515880.SH,通信光模块,6.85,RISK-ON,OFF,0.5484
2021-01-29,医药ETF,512010.SH,医疗,14.21,RISK-ON,OFF,0.4871
2021-01-29,银行ETF,512800.SH,大金融,14.21,RISK-ON,OFF,0.4871
2021-01-29,新能源车ETF,515030.SH,新能源,8.12,RISK-ON,OFF,0.4871
2021-01-29,有色ETF,159980.SZ,周期资源,6.09,RISK-ON,OFF,0.4871
2021-01-29,创新药ETF,159992.SZ,医疗,6.09,RISK-ON,OFF,0.4871
2021-02-05,创新药ETF,159992.SZ,医疗,14.12,RISK-ON,OFF,0.4842
2021-02-05,银行ETF,512800.SH,大金融,14.12,RISK-ON,OFF,0.4842
2021-02-05,酒ETF,512690.SH,大消费,8.07,RISK-ON,OFF,0.4842
2021-02-05,有色ETF,159980.SZ,周期资源,6.05,RISK-ON,OFF,0.4842
2021-02-05,医药ETF,512010.SH,医疗,6.05,RISK-ON,OFF,0.4842
2021-02-10,有色ETF,159980.SZ,周期资源,12.19,RISK-ON,OFF,0.4876
2021-02-10,医药ETF,512010.SH,医疗,12.19,RISK-ON,OFF,0.4876
2021-02-10,酒ETF,512690.SH,大消费,12.19,RISK-ON,OFF,0.4876
2021-02-10,创新药ETF,159992.SZ,医疗,6.1,RISK-ON,OFF,0.4876
2021-02-10,新能源车ETF,515030.SH,新能源,6.1,RISK-ON,OFF,0.4876
2021-02-19,有色ETF,159980.SZ,周期资源,12.14,RISK-ON,OFF,0.4856
2021-02-19,红利ETF,515080.SH,红利,12.14,RISK-ON,OFF,0.4856
2021-02-19,酒ETF,512690.SH,大消费,6.07,RISK-ON,OFF,0.4856
2021-02-19,银行ETF,512800.SH,大金融,6.07,RISK-ON,OFF,0.4856
2021-02-19,钢铁ETF,515210.SH,周期资源,6.07,RISK-ON,OFF,0.4856
2021-02-19,煤炭ETF,515220.SH,周期资源,6.07,RISK-ON,OFF,0.4856
2021-02-26,有色ETF,159980.SZ,周期资源,11.97,RISK-ON,OFF,0.4788
2021-02-26,房地产ETF,512200.SH,地产链,11.97,RISK-ON,OFF,0.4788
2021-02-26,红利ETF,515080.SH,红利,11.97,RISK-ON,OFF,0.4788
2021-02-26,钢铁ETF,515210.SH,周期资源,5.99,RISK-ON,OFF,0.4788
2021-02-26,通信ETF,515880.SH,通信光模块,5.99,RISK-ON,OFF,0.4788
2021-03-05,钢铁ETF,515210.SH,周期资源,12.03,RISK-ON,OFF,0.4812
2021-03-05,红利ETF,515080.SH,红利,12.03,RISK-ON,OFF,0.4812
2021-03-05,房地产ETF,512200.SH,地产链,6.02,RISK-ON,OFF,0.4812
2021-03-05,有色ETF,159980.SZ,周期资源,6.02,RISK-ON,OFF,0.4812
2021-03-05,煤炭ETF,515220.SH,周期资源,6.02,RISK-ON,OFF,0.4812
2021-03-05,通信ETF,515880.SH,通信光模块,6.02,RISK-ON,OFF,0.4812
2021-03-12,红利ETF,515080.SH,红利,14.15,RISK-ON,OFF,0.485
2021-03-12,钢铁ETF,515210.SH,周期资源,14.15,RISK-ON,OFF,0.485
2021-03-12,房地产ETF,512200.SH,地产链,8.08,RISK-ON,OFF,0.485
2021-03-12,有色ETF,159980.SZ,周期资源,6.06,RISK-ON,OFF,0.485
2021-03-12,煤炭ETF,515220.SH,周期资源,6.06,RISK-ON,OFF,0.485
2021-03-19,房地产ETF,512200.SH,地产链,14.11,RISK-ON,OFF,0.4838
2021-03-19,红利ETF,515080.SH,红利,14.11,RISK-ON,OFF,0.4838
2021-03-19,钢铁ETF,515210.SH,周期资源,14.11,RISK-ON,OFF,0.4838
2021-03-19,煤炭ETF,515220.SH,周期资源,6.05,RISK-ON,OFF,0.4838
2021-03-25,房地产ETF,512200.SH,地产链,8.41,RISK-ON,OFF,0.5044
2021-03-25,红利ETF,515080.SH,红利,8.41,RISK-ON,OFF,0.5044
2021-03-25,钢铁ETF,515210.SH,周期资源,8.41,RISK-ON,OFF,0.5044
2021-03-26,红利ETF,515080.SH,红利,14.63,RISK-ON,OFF,0.5015
2021-03-26,黄金ETF,159934.SZ,周期资源,8.36,RISK-ON,OFF,0.5015
2021-03-26,酒ETF,512690.SH,大消费,8.36,RISK-ON,OFF,0.5015
2021-03-26,有色ETF,159980.SZ,周期资源,6.27,RISK-ON,OFF,0.5015
2021-03-26,创新药ETF,159992.SZ,医疗,6.27,RISK-ON,OFF,0.5015
2021-03-26,煤炭ETF,515220.SH,周期资源,6.27,RISK-ON,OFF,0.5015
2021-04-02,创新药ETF,159992.SZ,医疗,12.59,RISK-ON,ON,0.5035
2021-04-02,半导体ETF,512480.SH,半导体芯片,12.59,RISK-ON,ON,0.5035
2021-04-02,酒ETF,512690.SH,大消费,12.59,RISK-ON,ON,0.5035
2021-04-02,医药ETF,512010.SH,医疗,6.29,RISK-ON,ON,0.5035
2021-04-02,军工ETF,512660.SH,高端制造,6.29,RISK-ON,ON,0.5035
2021-04-09,医药ETF,512010.SH,医疗,12.43,RISK-ON,ON,0.4972
2021-04-09,半导体ETF,512480.SH,半导体芯片,12.43,RISK-ON,ON,0.4972
2021-04-09,AI_ETF,515980.SH,AI数字,12.43,RISK-ON,ON,0.4972
2021-04-09,酒ETF,512690.SH,大消费,6.21,RISK-ON,ON,0.4972
2021-04-09,钢铁ETF,515210.SH,周期资源,6.21,RISK-ON,ON,0.4972
2021-04-16,半导体ETF,512480.SH,半导体芯片,12.75,RISK-ON,ON,0.5099
2021-04-16,酒ETF,512690.SH,大消费,12.75,RISK-ON,ON,0.5099
2021-04-16,钢铁ETF,515210.SH,周期资源,12.75,RISK-ON,ON,0.5099
2021-04-16,AI_ETF,515980.SH,AI数字,12.75,RISK-ON,ON,0.5099
2021-04-23,半导体ETF,512480.SH,半导体芯片,12.61,RISK-ON,ON,0.5045
2021-04-23,钢铁ETF,515210.SH,周期资源,12.61,RISK-ON,ON,0.5045
2021-04-23,酒ETF,512690.SH,大消费,6.31,RISK-ON,ON,0.5045
2021-04-23,新能源车ETF,515030.SH,新能源,6.31,RISK-ON,ON,0.5045
2021-04-23,食品ETF,515170.SH,大消费,6.31,RISK-ON,ON,0.5045
2021-04-23,煤炭ETF,515220.SH,周期资源,6.31,RISK-ON,ON,0.5045
2021-04-30,创新药ETF,159992.SZ,医疗,12.95,RISK-ON,ON,0.5179
2021-04-30,煤炭ETF,515220.SH,周期资源,12.95,RISK-ON,ON,0.5179
2021-04-30,有色ETF,159980.SZ,周期资源,6.47,RISK-ON,ON,0.5179
2021-04-30,新能源车ETF,515030.SH,新能源,6.47,RISK-ON,ON,0.5179
2021-04-30,红利ETF,515080.SH,红利,6.47,RISK-ON,ON,0.5179
2021-04-30,钢铁ETF,515210.SH,周期资源,6.47,RISK-ON,ON,0.5179
2021-05-07,煤炭ETF,515220.SH,周期资源,12.92,RISK-ON,ON,0.5169
2021-05-07,创新药ETF,159992.SZ,医疗,6.46,RISK-ON,ON,0.5169
2021-05-07,有色ETF,159980.SZ,周期资源,6.46,RISK-ON,ON,0.5169
2021-05-07,酒ETF,512690.SH,大消费,6.46,RISK-ON,ON,0.5169
2021-05-07,新能源车ETF,515030.SH,新能源,6.46,RISK-ON,ON,0.5169
2021-05-07,红利ETF,515080.SH,红利,6.46,RISK-ON,ON,0.5169
2021-05-07,钢铁ETF,515210.SH,周期资源,6.46,RISK-ON,ON,0.5169
2021-05-13,创新药ETF,159992.SZ,医疗,6.48,RISK-ON,ON,0.5188
2021-05-13,酒ETF,512690.SH,大消费,6.48,RISK-ON,ON,0.5188
2021-05-13,新能源车ETF,515030.SH,新能源,6.48,RISK-ON,ON,0.5188
2021-05-13,煤炭ETF,515220.SH,周期资源,6.48,RISK-ON,ON,0.5188
2021-05-14,创新药ETF,159992.SZ,医疗,12.98,RISK-ON,ON,0.519
2021-05-14,煤炭ETF,515220.SH,周期资源,12.98,RISK-ON,ON,0.519
2021-05-14,有色ETF,159980.SZ,周期资源,6.49,RISK-ON,ON,0.519
2021-05-14,医药ETF,512010.SH,医疗,6.49,RISK-ON,ON,0.519
2021-05-14,证券ETF,512880.SH,大金融,6.49,RISK-ON,ON,0.519
2021-05-14,食品ETF,515170.SH,大消费,6.49,RISK-ON,ON,0.519
2021-05-21,军工ETF,512660.SH,高端制造,12.84,RISK-ON,ON,0.5137
2021-05-21,新能源车ETF,515030.SH,新能源,12.84,RISK-ON,ON,0.5137
2021-05-21,酒ETF,512690.SH,大消费,6.42,RISK-ON,ON,0.5137
2021-05-21,证券ETF,512880.SH,大金融,6.42,RISK-ON,ON,0.5137
2021-05-21,红利ETF,515080.SH,红利,6.42,RISK-ON,ON,0.5137
2021-05-21,食品ETF,515170.SH,大消费,6.42,RISK-ON,ON,0.5137
2021-05-28,新能源车ETF,515030.SH,新能源,12.29,RISK-ON,OFF,0.4917
2021-05-28,军工ETF,512660.SH,高端制造,6.15,RISK-ON,OFF,0.4917
2021-05-28,半导体ETF,512480.SH,半导体芯片,6.15,RISK-ON,OFF,0.4917
2021-05-28,酒ETF,512690.SH,大消费,6.15,RISK-ON,OFF,0.4917
2021-05-28,食品ETF,515170.SH,大消费,6.15,RISK-ON,OFF,0.4917
2021-05-28,软件ETF,515230.SH,AI数字,6.15,RISK-ON,OFF,0.4917
2021-05-28,AI_ETF,515980.SH,AI数字,6.15,RISK-ON,OFF,0.4917
2021-06-04,半导体ETF,512480.SH,半导体芯片,12.33,RISK-ON,OFF,0.4932
2021-06-04,新能源车ETF,515030.SH,新能源,12.33,RISK-ON,OFF,0.4932
2021-06-04,食品ETF,515170.SH,大消费,12.33,RISK-ON,OFF,0.4932
2021-06-04,军工ETF,512660.SH,高端制造,6.16,RISK-ON,OFF,0.4932
2021-06-04,软件ETF,515230.SH,AI数字,6.16,RISK-ON,OFF,0.4932
2021-06-11,软件ETF,515230.SH,AI数字,12.36,RISK-ON,OFF,0.4945
2021-06-11,新能源车ETF,515030.SH,新能源,12.36,RISK-ON,OFF,0.4945
2021-06-11,化工ETF,159870.SZ,周期资源,6.18,RISK-ON,OFF,0.4945
2021-06-11,光伏ETF,159857.SZ,新能源,6.18,RISK-ON,OFF,0.4945
2021-06-11,半导体ETF,512480.SH,半导体芯片,6.18,RISK-ON,OFF,0.4945
2021-06-11,通信ETF,515880.SH,通信光模块,6.18,RISK-ON,OFF,0.4945
2021-06-18,半导体ETF,512480.SH,半导体芯片,12.51,RISK-ON,OFF,0.5005
2021-06-18,通信ETF,515880.SH,通信光模块,12.51,RISK-ON,OFF,0.5005
2021-06-18,军工ETF,512660.SH,高端制造,6.26,RISK-ON,OFF,0.5005
2021-06-18,新能源车ETF,515030.SH,新能源,6.26,RISK-ON,OFF,0.5005
2021-06-18,软件ETF,515230.SH,AI数字,6.26,RISK-ON,OFF,0.5005
2021-06-18,AI_ETF,515980.SH,AI数字,6.26,RISK-ON,OFF,0.5005
2021-06-24,半导体ETF,512480.SH,半导体芯片,6.73,RISK-ON,OFF,0.5381
2021-06-24,新能源车ETF,515030.SH,新能源,6.73,RISK-ON,OFF,0.5381
2021-06-24,软件ETF,515230.SH,AI数字,6.73,RISK-ON,OFF,0.5381
2021-06-24,通信ETF,515880.SH,通信光模块,6.73,RISK-ON,OFF,0.5381
2021-06-25,光伏ETF,159857.SZ,新能源,14.75,RISK-ON,OFF,0.5899
2021-06-25,半导体ETF,512480.SH,半导体芯片,14.75,RISK-ON,OFF,0.5899
2021-06-25,军工ETF,512660.SH,高端制造,7.37,RISK-ON,OFF,0.5899
2021-06-25,煤炭ETF,515220.SH,周期资源,7.37,RISK-ON,OFF,0.5899
2021-06-25,通信ETF,515880.SH,通信光模块,7.37,RISK-ON,OFF,0.5899
2021-06-25,AI_ETF,515980.SH,AI数字,7.37,RISK-ON,OFF,0.5899
2021-07-02,光伏ETF,159857.SZ,新能源,15.27,RISK-ON,OFF,0.6108
2021-07-02,半导体ETF,512480.SH,半导体芯片,15.27,RISK-ON,OFF,0.6108
2021-07-02,新能源车ETF,515030.SH,新能源,7.64,RISK-ON,OFF,0.6108
2021-07-02,红利ETF,515080.SH,红利,7.64,RISK-ON,OFF,0.6108
2021-07-02,通信ETF,515880.SH,通信光模块,7.64,RISK-ON,OFF,0.6108
2021-07-02,AI_ETF,515980.SH,AI数字,7.64,RISK-ON,OFF,0.6108
2021-07-09,化工ETF,159870.SZ,周期资源,17.89,RISK-ON,OFF,0.7158
2021-07-09,新能源车ETF,515030.SH,新能源,17.89,RISK-ON,OFF,0.7158
2021-07-09,光伏ETF,159857.SZ,新能源,8.95,RISK-ON,OFF,0.7158
2021-07-09,半导体ETF,512480.SH,半导体芯片,8.95,RISK-ON,OFF,0.7158
2021-07-09,红利ETF,515080.SH,红利,8.95,RISK-ON,OFF,0.7158
2021-07-09,钢铁ETF,515210.SH,周期资源,8.95,RISK-ON,OFF,0.7158
2021-07-16,光伏ETF,159857.SZ,新能源,18.95,RISK-ON,OFF,0.7579
2021-07-16,钢铁ETF,515210.SH,周期资源,18.95,RISK-ON,OFF,0.7579
2021-07-16,化工ETF,159870.SZ,周期资源,9.47,RISK-ON,OFF,0.7579
2021-07-16,半导体ETF,512480.SH,半导体芯片,9.47,RISK-ON,OFF,0.7579
2021-07-16,军工ETF,512660.SH,高端制造,9.47,RISK-ON,OFF,0.7579
2021-07-16,新能源车ETF,515030.SH,新能源,9.47,RISK-ON,OFF,0.7579
2021-07-23,光伏ETF,159857.SZ,新能源,17.57,RISK-ON,OFF,0.7028
2021-07-23,钢铁ETF,515210.SH,周期资源,17.57,RISK-ON,OFF,0.7028
2021-07-23,化工ETF,159870.SZ,周期资源,8.78,RISK-ON,OFF,0.7028
2021-07-23,云计算ETF,159890.SZ,AI数字,8.78,RISK-ON,OFF,0.7028
2021-07-23,半导体ETF,512480.SH,半导体芯片,8.78,RISK-ON,OFF,0.7028
2021-07-23,军工ETF,512660.SH,高端制造,8.78,RISK-ON,OFF,0.7028
2021-07-30,光伏ETF,159857.SZ,新能源,17.98,RISK-ON,OFF,0.7193
2021-07-30,钢铁ETF,515210.SH,周期资源,17.98,RISK-ON,OFF,0.7193
2021-07-30,化工ETF,159870.SZ,周期资源,8.99,RISK-ON,OFF,0.7193
2021-07-30,有色ETF,159980.SZ,周期资源,8.99,RISK-ON,OFF,0.7193
2021-07-30,半导体ETF,512480.SH,半导体芯片,8.99,RISK-ON,OFF,0.7193
2021-07-30,军工ETF,512660.SH,高端制造,8.99,RISK-ON,OFF,0.7193
2021-08-06,光伏ETF,159857.SZ,新能源,19.18,RISK-ON,OFF,0.7674
2021-08-06,煤炭ETF,515220.SH,周期资源,19.18,RISK-ON,OFF,0.7674
2021-08-06,云计算ETF,159890.SZ,AI数字,9.59,RISK-ON,OFF,0.7674
2021-08-06,军工ETF,512660.SH,高端制造,9.59,RISK-ON,OFF,0.7674
2021-08-06,钢铁ETF,515210.SH,周期资源,9.59,RISK-ON,OFF,0.7674
2021-08-06,通信ETF,515880.SH,通信光模块,9.59,RISK-ON,OFF,0.7674
2021-08-13,光伏ETF,159857.SZ,新能源,19.22,RISK-ON,OFF,0.7689
2021-08-13,通信ETF,515880.SH,通信光模块,19.22,RISK-ON,OFF,0.7689
2021-08-13,煤炭ETF,515220.SH,周期资源,19.22,RISK-ON,OFF,0.7689
2021-08-13,钢铁ETF,515210.SH,周期资源,9.61,RISK-ON,OFF,0.7689
2021-08-13,军工ETF,512660.SH,高端制造,9.61,RISK-ON,OFF,0.7689
2021-08-20,光伏ETF,159857.SZ,新能源,18.24,RISK-ON,OFF,0.7296
2021-08-20,通信ETF,515880.SH,通信光模块,18.24,RISK-ON,OFF,0.7296
2021-08-20,煤炭ETF,515220.SH,周期资源,18.24,RISK-ON,OFF,0.7296
2021-08-20,红利ETF,515080.SH,红利,9.12,RISK-ON,OFF,0.7296
2021-08-20,军工ETF,512660.SH,高端制造,9.12,RISK-ON,OFF,0.7296
2021-08-27,光伏ETF,159857.SZ,新能源,16.68,RISK-ON,OFF,0.6671
2021-08-27,红利ETF,515080.SH,红利,16.68,RISK-ON,OFF,0.6671
2021-08-27,房地产ETF,512200.SH,地产链,8.34,RISK-ON,OFF,0.6671
2021-08-27,军工ETF,512660.SH,高端制造,8.34,RISK-ON,OFF,0.6671
2021-08-27,钢铁ETF,515210.SH,周期资源,8.34,RISK-ON,OFF,0.6671
2021-08-27,煤炭ETF,515220.SH,周期资源,8.34,RISK-ON,OFF,0.6671
2021-09-03,房地产ETF,512200.SH,地产链,16.66,RISK-ON,OFF,0.6663
2021-09-03,红利ETF,515080.SH,红利,16.66,RISK-ON,OFF,0.6663
2021-09-03,煤炭ETF,515220.SH,周期资源,16.66,RISK-ON,OFF,0.6663
2021-09-03,证券ETF,512880.SH,大金融,8.33,RISK-ON,OFF,0.6663
2021-09-03,钢铁ETF,515210.SH,周期资源,8.33,RISK-ON,OFF,0.6663
2021-09-10,煤炭ETF,515220.SH,周期资源,15.79,RISK-ON,OFF,0.6316
2021-09-10,红利ETF,515080.SH,红利,15.79,RISK-ON,OFF,0.6316
2021-09-10,房地产ETF,512200.SH,地产链,7.89,RISK-ON,OFF,0.6316
2021-09-10,游戏ETF,159869.SZ,AI数字,7.89,RISK-ON,OFF,0.6316
2021-09-10,证券ETF,512880.SH,大金融,7.89,RISK-ON,OFF,0.6316
2021-09-10,钢铁ETF,515210.SH,周期资源,7.89,RISK-ON,OFF,0.6316
2021-09-17,煤炭ETF,515220.SH,周期资源,14.82,RISK-ON,OFF,0.5928
2021-09-17,红利ETF,515080.SH,红利,14.82,RISK-ON,OFF,0.5928
2021-09-17,酒ETF,512690.SH,大消费,7.41,RISK-ON,OFF,0.5928
2021-09-17,游戏ETF,159869.SZ,AI数字,7.41,RISK-ON,OFF,0.5928
2021-09-17,新能源车ETF,515030.SH,新能源,7.41,RISK-ON,OFF,0.5928
2021-09-17,钢铁ETF,515210.SH,周期资源,7.41,RISK-ON,OFF,0.5928
2021-09-24,畜牧ETF,159867.SZ,农业,14.96,RISK-ON,OFF,0.5983
2021-09-24,房地产ETF,512200.SH,地产链,14.96,RISK-ON,OFF,0.5983
2021-09-24,煤炭ETF,515220.SH,周期资源,14.96,RISK-ON,OFF,0.5983
2021-09-24,游戏ETF,159869.SZ,AI数字,7.48,RISK-ON,OFF,0.5983
2021-09-24,酒ETF,512690.SH,大消费,7.48,RISK-ON,OFF,0.5983
2021-09-30,畜牧ETF,159867.SZ,农业,15.1,RISK-ON,OFF,0.604
2021-09-30,医药ETF,512010.SH,医疗,15.1,RISK-ON,OFF,0.604
2021-09-30,食品ETF,515170.SH,大消费,15.1,RISK-ON,OFF,0.604
2021-09-30,医疗器械ETF,159883.SZ,医疗,7.55,RISK-ON,OFF,0.604
2021-09-30,房地产ETF,512200.SH,地产链,7.55,RISK-ON,OFF,0.604
2021-10-08,畜牧ETF,159867.SZ,农业,15.2,RISK-ON,OFF,0.6079
2021-10-08,医疗器械ETF,159883.SZ,医疗,15.2,RISK-ON,OFF,0.6079
2021-10-08,食品ETF,515170.SH,大消费,15.2,RISK-ON,OFF,0.6079
2021-10-08,云计算ETF,159890.SZ,AI数字,7.6,RISK-ON,OFF,0.6079
2021-10-08,房地产ETF,512200.SH,地产链,7.6,RISK-ON,OFF,0.6079
2021-10-15,畜牧ETF,159867.SZ,农业,14.9,RISK-ON,OFF,0.596
2021-10-15,云计算ETF,159890.SZ,AI数字,14.9,RISK-ON,OFF,0.596
2021-10-15,食品ETF,515170.SH,大消费,14.9,RISK-ON,OFF,0.596
2021-10-15,有色ETF,159980.SZ,周期资源,7.45,RISK-ON,OFF,0.596
2021-10-15,房地产ETF,512200.SH,地产链,7.45,RISK-ON,OFF,0.596
2021-10-22,畜牧ETF,159867.SZ,农业,14.85,RISK-ON,OFF,0.594
2021-10-22,食品ETF,515170.SH,大消费,14.85,RISK-ON,OFF,0.594
2021-10-22,有色ETF,159980.SZ,周期资源,7.42,RISK-ON,OFF,0.594
2021-10-22,银行ETF,512800.SH,大金融,7.42,RISK-ON,OFF,0.594
2021-10-22,新能源车ETF,515030.SH,新能源,7.42,RISK-ON,OFF,0.594
2021-10-22,AI_ETF,515980.SH,AI数字,7.42,RISK-ON,OFF,0.594
2021-10-29,电池ETF,159755.SZ,新能源,14.81,RISK-ON,OFF,0.5924
2021-10-29,光伏ETF,159857.SZ,新能源,7.4,RISK-ON,OFF,0.5924
2021-10-29,畜牧ETF,159867.SZ,农业,7.4,RISK-ON,OFF,0.5924
2021-10-29,游戏ETF,159869.SZ,AI数字,7.4,RISK-ON,OFF,0.5924
2021-10-29,军工ETF,512660.SH,高端制造,7.4,RISK-ON,OFF,0.5924
2021-10-29,食品ETF,515170.SH,大消费,7.4,RISK-ON,OFF,0.5924
2021-10-29,AI_ETF,515980.SH,AI数字,7.4,RISK-ON,OFF,0.5924
2021-11-05,电池ETF,159755.SZ,新能源,14.82,RISK-ON,OFF,0.5927
2021-11-05,通信ETF,515880.SH,通信光模块,14.82,RISK-ON,OFF,0.5927
2021-11-05,游戏ETF,159869.SZ,AI数字,7.41,RISK-ON,OFF,0.5927
2021-11-05,半导体ETF,512480.SH,半导体芯片,7.41,RISK-ON,OFF,0.5927
2021-11-05,军工ETF,512660.SH,高端制造,7.41,RISK-ON,OFF,0.5927
2021-11-05,AI_ETF,515980.SH,AI数字,7.41,RISK-ON,OFF,0.5927
2021-11-12,畜牧ETF,159867.SZ,农业,14.98,RISK-ON,OFF,0.5993
2021-11-12,通信ETF,515880.SH,通信光模块,14.98,RISK-ON,OFF,0.5993
2021-11-12,游戏ETF,159869.SZ,AI数字,7.49,RISK-ON,OFF,0.5993
2021-11-12,半导体ETF,512480.SH,半导体芯片,7.49,RISK-ON,OFF,0.5993
2021-11-12,军工ETF,512660.SH,高端制造,7.49,RISK-ON,OFF,0.5993
2021-11-12,AI_ETF,515980.SH,AI数字,7.49,RISK-ON,OFF,0.5993
2021-11-19,畜牧ETF,159867.SZ,农业,15.56,RISK-ON,OFF,0.6223
2021-11-19,游戏ETF,159869.SZ,AI数字,15.56,RISK-ON,OFF,0.6223
2021-11-19,通信ETF,515880.SH,通信光模块,15.56,RISK-ON,OFF,0.6223
2021-11-19,军工ETF,512660.SH,高端制造,7.78,RISK-ON,OFF,0.6223
2021-11-19,AI_ETF,515980.SH,AI数字,7.78,RISK-ON,OFF,0.6223
2021-11-26,游戏ETF,159869.SZ,AI数字,15.05,RISK-ON,OFF,0.6018
2021-11-26,通信ETF,515880.SH,通信光模块,15.05,RISK-ON,OFF,0.6018
2021-11-26,稀土ETF,159713.SZ,周期资源,7.52,RISK-ON,OFF,0.6018
2021-11-26,半导体ETF,512480.SH,半导体芯片,7.52,RISK-ON,OFF,0.6018
2021-11-26,军工ETF,512660.SH,高端制造,7.52,RISK-ON,OFF,0.6018
2021-11-26,AI_ETF,515980.SH,AI数字,7.52,RISK-ON,OFF,0.6018
2021-12-03,房地产ETF,512200.SH,地产链,15.05,RISK-ON,OFF,0.6018
2021-12-03,通信ETF,515880.SH,通信光模块,15.05,RISK-ON,OFF,0.6018
2021-12-03,稀土ETF,159713.SZ,周期资源,7.52,RISK-ON,OFF,0.6018
2021-12-03,半导体ETF,512480.SH,半导体芯片,7.52,RISK-ON,OFF,0.6018
2021-12-03,军工ETF,512660.SH,高端制造,7.52,RISK-ON,OFF,0.6018
2021-12-03,钢铁ETF,515210.SH,周期资源,7.52,RISK-ON,OFF,0.6018
2021-12-10,稀土ETF,159713.SZ,周期资源,14.99,RISK-ON,OFF,0.5996
2021-12-10,酒ETF,512690.SH,大消费,14.99,RISK-ON,OFF,0.5996
2021-12-10,医疗器械ETF,159883.SZ,医疗,7.5,RISK-ON,OFF,0.5996
2021-12-10,房地产ETF,512200.SH,地产链,7.5,RISK-ON,OFF,0.5996
2021-12-10,食品ETF,515170.SH,大消费,7.5,RISK-ON,OFF,0.5996
2021-12-10,钢铁ETF,515210.SH,周期资源,7.5,RISK-ON,OFF,0.5996
2021-12-17,煤炭ETF,515220.SH,周期资源,14.59,RISK-ON,OFF,0.5837
2021-12-17,游戏ETF,159869.SZ,AI数字,7.3,RISK-ON,OFF,0.5837
2021-12-17,稀土ETF,159713.SZ,周期资源,7.3,RISK-ON,OFF,0.5837
2021-12-17,酒ETF,512690.SH,大消费,7.3,RISK-ON,OFF,0.5837
2021-12-17,证券ETF,512880.SH,大金融,7.3,RISK-ON,OFF,0.5837
2021-12-17,钢铁ETF,515210.SH,周期资源,7.3,RISK-ON,OFF,0.5837
2021-12-17,通信ETF,515880.SH,通信光模块,7.3,RISK-ON,OFF,0.5837
2021-12-24,畜牧ETF,159867.SZ,农业,14.44,RISK-ON,OFF,0.5777
2021-12-24,游戏ETF,159869.SZ,AI数字,14.44,RISK-ON,OFF,0.5777
2021-12-24,房地产ETF,512200.SH,地产链,7.22,RISK-ON,OFF,0.5777
2021-12-24,酒ETF,512690.SH,大消费,7.22,RISK-ON,OFF,0.5777
2021-12-24,食品ETF,515170.SH,大消费,7.22,RISK-ON,OFF,0.5777
2021-12-24,煤炭ETF,515220.SH,周期资源,7.22,RISK-ON,OFF,0.5777
2021-12-31,畜牧ETF,159867.SZ,农业,14.6,RISK-ON,OFF,0.5841
2021-12-31,游戏ETF,159869.SZ,AI数字,14.6,RISK-ON,OFF,0.5841
2021-12-31,房地产ETF,512200.SH,地产链,14.6,RISK-ON,OFF,0.5841
2021-12-31,有色ETF,159980.SZ,周期资源,7.3,RISK-ON,OFF,0.5841
2021-12-31,通信ETF,515880.SH,通信光模块,7.3,RISK-ON,OFF,0.5841
2022-01-07,畜牧ETF,159867.SZ,农业,15.41,RISK-ON,OFF,0.6164
2022-01-07,游戏ETF,159869.SZ,AI数字,15.41,RISK-ON,OFF,0.6164
2022-01-07,红利ETF,515080.SH,红利,15.41,RISK-ON,OFF,0.6164
2022-01-07,有色ETF,159980.SZ,周期资源,7.7,RISK-ON,OFF,0.6164
2022-01-07,房地产ETF,512200.SH,地产链,7.7,RISK-ON,OFF,0.6164
2022-01-14,黄金ETF,159934.SZ,周期资源,61.07,RISK-OFF,OFF,0.6107
2022-01-21,黄金ETF,159934.SZ,周期资源,67.34,RISK-OFF,OFF,0.6734
2022-01-28,黄金ETF,159934.SZ,周期资源,66.19,RISK-OFF,OFF,0.6619
2022-02-11,黄金ETF,159934.SZ,周期资源,66.19,RISK-OFF,OFF,0.6619
2022-02-18,黄金ETF,159934.SZ,周期资源,65.0,RISK-OFF,OFF,0.65
2022-02-25,黄金ETF,159934.SZ,周期资源,66.86,RISK-OFF,OFF,0.6686
2022-03-04,黄金ETF,159934.SZ,周期资源,76.52,RISK-OFF,ON,0.7652
2022-03-11,黄金ETF,159934.SZ,周期资源,76.75,RISK-OFF,ON,0.7675
2022-03-18,黄金ETF,159934.SZ,周期资源,90.48,RISK-OFF,ON,0.9048
2022-03-25,黄金ETF,159934.SZ,周期资源,96.49,RISK-OFF,ON,0.9649
2022-04-01,黄金ETF,159934.SZ,周期资源,97.32,RISK-OFF,ON,0.9732
2022-04-08,黄金ETF,159934.SZ,周期资源,98.41,RISK-OFF,ON,0.9841
2022-04-15,黄金ETF,159934.SZ,周期资源,96.29,RISK-OFF,ON,0.9629
2022-04-22,黄金ETF,159934.SZ,周期资源,98.11,RISK-OFF,ON,0.9811
2022-04-29,黄金ETF,159934.SZ,周期资源,97.97,RISK-OFF,ON,0.9797
2022-05-06,黄金ETF,159934.SZ,周期资源,97.64,RISK-OFF,ON,0.9764
2022-05-13,黄金ETF,159934.SZ,周期资源,97.45,RISK-OFF,ON,0.9745
2022-05-20,黄金ETF,159934.SZ,周期资源,100.0,RISK-OFF,ON,1.0
2022-05-27,黄金ETF,159934.SZ,周期资源,100.0,RISK-OFF,ON,1.0
2022-06-02,黄金ETF,159934.SZ,周期资源,100.0,RISK-OFF,ON,1.0
2022-06-10,黄金ETF,159934.SZ,周期资源,100.0,RISK-OFF,ON,1.0
2022-06-17,黄金ETF,159934.SZ,周期资源,100.0,RISK-OFF,ON,1.0
2022-06-24,黄金ETF,159934.SZ,周期资源,100.0,RISK-OFF,ON,1.0
2022-07-01,黄金ETF,159934.SZ,周期资源,100.0,RISK-OFF,ON,1.0
2022-07-08,黄金ETF,159934.SZ,周期资源,100.0,RISK-OFF,ON,1.0
2022-07-15,黄金ETF,159934.SZ,周期资源,100.0,RISK-OFF,OFF,1.0
2022-07-22,黄金ETF,159934.SZ,周期资源,100.0,RISK-OFF,OFF,1.0
2022-07-29,黄金ETF,159934.SZ,周期资源,100.0,RISK-OFF,OFF,1.0
2022-08-05,黄金ETF,159934.SZ,周期资源,100.0,RISK-OFF,OFF,1.0
2022-08-12,黄金ETF,159934.SZ,周期资源,100.0,RISK-OFF,OFF,1.0
2022-08-19,黄金ETF,159934.SZ,周期资源,100.0,RISK-OFF,OFF,1.0
2022-08-26,黄金ETF,159934.SZ,周期资源,100.0,RISK-OFF,OFF,1.0
2022-09-02,黄金ETF,159934.SZ,周期资源,100.0,RISK-OFF,OFF,1.0
2022-09-09,黄金ETF,159934.SZ,周期资源,100.0,RISK-OFF,OFF,1.0
2022-09-16,黄金ETF,159934.SZ,周期资源,100.0,RISK-OFF,OFF,1.0
2022-09-23,黄金ETF,159934.SZ,周期资源,100.0,RISK-OFF,OFF,1.0
2022-09-30,黄金ETF,159934.SZ,周期资源,100.0,RISK-OFF,ON,1.0
2022-10-14,黄金ETF,159934.SZ,周期资源,100.0,RISK-OFF,ON,1.0
2022-10-21,黄金ETF,159934.SZ,周期资源,100.0,RISK-OFF,ON,1.0
2022-10-28,黄金ETF,159934.SZ,周期资源,100.0,RISK-OFF,ON,1.0
2022-11-04,黄金ETF,159934.SZ,周期资源,100.0,RISK-OFF,ON,1.0
2022-11-11,黄金ETF,159934.SZ,周期资源,100.0,RISK-OFF,ON,1.0
2022-11-18,黄金ETF,159934.SZ,周期资源,100.0,RISK-OFF,ON,1.0
2022-11-25,黄金ETF,159934.SZ,周期资源,100.0,RISK-OFF,ON,1.0
2022-12-02,黄金ETF,159934.SZ,周期资源,100.0,RISK-OFF,ON,1.0
2022-12-09,黄金ETF,159934.SZ,周期资源,100.0,RISK-OFF,ON,1.0
2022-12-16,黄金ETF,159934.SZ,周期资源,100.0,RISK-OFF,ON,1.0
2022-12-23,黄金ETF,159934.SZ,周期资源,100.0,RISK-OFF,ON,1.0
2022-12-30,黄金ETF,159934.SZ,周期资源,100.0,RISK-OFF,OFF,1.0
2023-01-06,黄金ETF,159934.SZ,周期资源,100.0,RISK-OFF,OFF,1.0
2023-01-13,黄金ETF,159934.SZ,周期资源,100.0,RISK-OFF,OFF,1.0
2023-01-20,光伏ETF,159857.SZ,新能源,25.0,RISK-ON,OFF,1.0
2023-01-20,软件ETF,515230.SH,AI数字,25.0,RISK-ON,OFF,1.0
2023-01-20,云计算ETF,159890.SZ,AI数字,12.5,RISK-ON,OFF,1.0
2023-01-20,创新药ETF,159992.SZ,医疗,12.5,RISK-ON,OFF,1.0
2023-01-20,半导体ETF,512480.SH,半导体芯片,12.5,RISK-ON,OFF,1.0
2023-01-20,AI_ETF,515980.SH,AI数字,12.5,RISK-ON,OFF,1.0
2023-02-03,机器人ETF,562500.SH,高端制造,25.0,RISK-ON,OFF,1.0
2023-02-03,软件ETF,515230.SH,AI数字,25.0,RISK-ON,OFF,1.0
2023-02-03,云计算ETF,159890.SZ,AI数字,12.5,RISK-ON,OFF,1.0
2023-02-03,电池ETF,159755.SZ,新能源,12.5,RISK-ON,OFF,1.0
2023-02-03,半导体ETF,512480.SH,半导体芯片,12.5,RISK-ON,OFF,1.0
2023-02-03,AI_ETF,515980.SH,AI数字,12.5,RISK-ON,OFF,1.0
2023-02-10,游戏ETF,159869.SZ,AI数字,25.0,RISK-ON,OFF,1.0
2023-02-10,机器人ETF,562500.SH,高端制造,25.0,RISK-ON,OFF,1.0
2023-02-10,云计算ETF,159890.SZ,AI数字,12.5,RISK-ON,OFF,1.0
2023-02-10,半导体ETF,512480.SH,半导体芯片,12.5,RISK-ON,OFF,1.0
2023-02-10,通信ETF,515880.SH,通信光模块,12.5,RISK-ON,OFF,1.0
2023-02-10,AI_ETF,515980.SH,AI数字,12.5,RISK-ON,OFF,1.0
2023-02-17,游戏ETF,159869.SZ,AI数字,25.0,RISK-ON,OFF,1.0
2023-02-17,机器人ETF,562500.SH,高端制造,25.0,RISK-ON,OFF,1.0
2023-02-17,云计算ETF,159890.SZ,AI数字,12.5,RISK-ON,OFF,1.0
2023-02-17,半导体ETF,512480.SH,半导体芯片,12.5,RISK-ON,OFF,1.0
2023-02-17,通信ETF,515880.SH,通信光模块,12.5,RISK-ON,OFF,1.0
2023-02-17,AI_ETF,515980.SH,AI数字,12.5,RISK-ON,OFF,1.0
2023-02-24,游戏ETF,159869.SZ,AI数字,25.0,RISK-ON,OFF,1.0
2023-02-24,机器人ETF,562500.SH,高端制造,25.0,RISK-ON,OFF,1.0
2023-02-24,通信ETF,515880.SH,通信光模块,25.0,RISK-ON,OFF,1.0
2023-02-24,红利ETF,515080.SH,红利,12.5,RISK-ON,OFF,1.0
2023-02-24,云计算ETF,159890.SZ,AI数字,12.5,RISK-ON,OFF,1.0
2023-03-03,游戏ETF,159869.SZ,AI数字,25.0,RISK-ON,OFF,1.0
2023-03-03,通信ETF,515880.SH,通信光模块,25.0,RISK-ON,OFF,1.0
2023-03-03,云计算ETF,159890.SZ,AI数字,12.5,RISK-ON,OFF,1.0
2023-03-03,红利ETF,515080.SH,红利,12.5,RISK-ON,OFF,1.0
2023-03-03,AI_ETF,515980.SH,AI数字,12.5,RISK-ON,OFF,1.0
2023-03-03,家电ETF,561120.SH,大消费,12.5,RISK-ON,OFF,1.0
2023-03-10,黄金ETF,159934.SZ,周期资源,100.0,RISK-OFF,OFF,1.0
2023-03-17,黄金ETF,159934.SZ,周期资源,100.0,RISK-OFF,OFF,1.0
2023-03-24,游戏ETF,159869.SZ,AI数字,25.0,RISK-ON,OFF,1.0
2023-03-24,通信ETF,515880.SH,通信光模块,25.0,RISK-ON,OFF,1.0
2023-03-24,云计算ETF,159890.SZ,AI数字,12.5,RISK-ON,OFF,1.0
2023-03-24,半导体ETF,512480.SH,半导体芯片,12.5,RISK-ON,OFF,1.0
2023-03-24,AI_ETF,515980.SH,AI数字,12.5,RISK-ON,OFF,1.0
2023-03-24,机器人ETF,562500.SH,高端制造,12.5,RISK-ON,OFF,1.0
2023-03-31,游戏ETF,159869.SZ,AI数字,25.0,RISK-ON,OFF,1.0
2023-03-31,畜牧ETF,159867.SZ,农业,12.5,RISK-ON,OFF,1.0
2023-03-31,云计算ETF,159890.SZ,AI数字,12.5,RISK-ON,OFF,1.0
2023-03-31,半导体ETF,512480.SH,半导体芯片,12.5,RISK-ON,OFF,1.0
2023-03-31,软件ETF,515230.SH,AI数字,12.5,RISK-ON,OFF,1.0
2023-03-31,通信ETF,515880.SH,通信光模块,12.5,RISK-ON,OFF,1.0
2023-03-31,AI_ETF,515980.SH,AI数字,12.5,RISK-ON,OFF,1.0
2023-04-07,游戏ETF,159869.SZ,AI数字,19.0,RISK-ON,OFF,0.76
2023-04-07,畜牧ETF,159867.SZ,农业,9.5,RISK-ON,OFF,0.76
2023-04-07,云计算ETF,159890.SZ,AI数字,9.5,RISK-ON,OFF,0.76
2023-04-07,半导体ETF,512480.SH,半导体芯片,9.5,RISK-ON,OFF,0.76
2023-04-07,软件ETF,515230.SH,AI数字,9.5,RISK-ON,OFF,0.76
2023-04-07,通信ETF,515880.SH,通信光模块,9.5,RISK-ON,OFF,0.76
2023-04-07,AI_ETF,515980.SH,AI数字,9.5,RISK-ON,OFF,0.76
2023-04-14,游戏ETF,159869.SZ,AI数字,17.77,RISK-ON,OFF,0.7107
2023-04-14,消费电子ETF,159779.SZ,AI数字,8.88,RISK-ON,OFF,0.7107
2023-04-14,云计算ETF,159890.SZ,AI数字,8.88,RISK-ON,OFF,0.7107
2023-04-14,创新药ETF,159992.SZ,医疗,8.88,RISK-ON,OFF,0.7107
2023-04-14,半导体ETF,512480.SH,半导体芯片,8.88,RISK-ON,OFF,0.7107
2023-04-14,通信ETF,515880.SH,通信光模块,8.88,RISK-ON,OFF,0.7107
2023-04-14,AI_ETF,515980.SH,AI数字,8.88,RISK-ON,OFF,0.7107
2023-04-21,游戏ETF,159869.SZ,AI数字,17.19,RISK-ON,OFF,0.6875
2023-04-21,红利ETF,515080.SH,红利,17.19,RISK-ON,OFF,0.6875
2023-04-21,云计算ETF,159890.SZ,AI数字,8.59,RISK-ON,OFF,0.6875
2023-04-21,半导体ETF,512480.SH,半导体芯片,8.59,RISK-ON,OFF,0.6875
2023-04-21,通信ETF,515880.SH,通信光模块,8.59,RISK-ON,OFF,0.6875
2023-04-21,家电ETF,561120.SH,大消费,8.59,RISK-ON,OFF,0.6875
2023-04-28,游戏ETF,159869.SZ,AI数字,17.29,RISK-ON,OFF,0.6917
2023-04-28,银行ETF,512800.SH,大金融,17.29,RISK-ON,OFF,0.6917
2023-04-28,红利ETF,515080.SH,红利,17.29,RISK-ON,OFF,0.6917
2023-04-28,非银ETF,159892.SZ,大金融,8.65,RISK-ON,OFF,0.6917
2023-04-28,通信ETF,515880.SH,通信光模块,8.65,RISK-ON,OFF,0.6917
2023-05-05,黄金ETF,159934.SZ,周期资源,69.15,RISK-OFF,OFF,0.6915
2023-05-12,黄金ETF,159934.SZ,周期资源,68.68,RISK-OFF,OFF,0.6868
2023-05-19,黄金ETF,159934.SZ,周期资源,70.21,RISK-OFF,OFF,0.7021
2023-05-26,黄金ETF,159934.SZ,周期资源,70.02,RISK-OFF,OFF,0.7002
2023-06-02,黄金ETF,159934.SZ,周期资源,69.87,RISK-OFF,OFF,0.6987
2023-06-09,黄金ETF,159934.SZ,周期资源,69.8,RISK-OFF,OFF,0.698
2023-06-16,云计算ETF,159890.SZ,AI数字,17.69,RISK-ON,OFF,0.7074
2023-06-16,通信ETF,515880.SH,通信光模块,17.69,RISK-ON,OFF,0.7074
2023-06-16,软件ETF,515230.SH,AI数字,8.84,RISK-ON,OFF,0.7074
2023-06-16,AI_ETF,515980.SH,AI数字,8.84,RISK-ON,OFF,0.7074
2023-06-16,建材ETF,516750.SH,地产链,8.84,RISK-ON,OFF,0.7074
2023-06-16,家电ETF,561120.SH,大消费,8.84,RISK-ON,OFF,0.7074
2023-06-21,黄金ETF,159934.SZ,周期资源,70.91,RISK-OFF,OFF,0.7091
2023-06-30,黄金ETF,159934.SZ,周期资源,70.81,RISK-OFF,OFF,0.7081
2023-07-07,黄金ETF,159934.SZ,周期资源,70.75,RISK-OFF,ON,0.7075
2023-07-14,黄金ETF,159934.SZ,周期资源,70.94,RISK-OFF,ON,0.7094
2023-07-21,黄金ETF,159934.SZ,周期资源,70.89,RISK-OFF,ON,0.7089
2023-07-28,房地产ETF,512200.SH,地产链,17.66,RISK-ON,ON,0.7065
2023-07-28,酒ETF,512690.SH,大消费,8.83,RISK-ON,ON,0.7065
2023-07-28,证券ETF,512880.SH,大金融,8.83,RISK-ON,ON,0.7065
2023-07-28,红利ETF,515080.SH,红利,8.83,RISK-ON,ON,0.7065
2023-07-28,食品ETF,515170.SH,大消费,8.83,RISK-ON,ON,0.7065
2023-07-28,钢铁ETF,515210.SH,周期资源,8.83,RISK-ON,ON,0.7065
2023-07-28,建材ETF,516750.SH,地产链,8.83,RISK-ON,ON,0.7065
2023-08-04,房地产ETF,512200.SH,地产链,17.65,RISK-ON,ON,0.7059
2023-08-04,酒ETF,512690.SH,大消费,8.82,RISK-ON,ON,0.7059
2023-08-04,证券ETF,512880.SH,大金融,8.82,RISK-ON,ON,0.7059
2023-08-04,红利ETF,515080.SH,红利,8.82,RISK-ON,ON,0.7059
2023-08-04,食品ETF,515170.SH,大消费,8.82,RISK-ON,ON,0.7059
2023-08-04,钢铁ETF,515210.SH,周期资源,8.82,RISK-ON,ON,0.7059
2023-08-04,建材ETF,516750.SH,地产链,8.82,RISK-ON,ON,0.7059
2023-08-11,黄金ETF,159934.SZ,周期资源,65.98,RISK-OFF,ON,0.6598
2023-08-18,黄金ETF,159934.SZ,周期资源,67.35,RISK-OFF,ON,0.6735
2023-08-25,黄金ETF,159934.SZ,周期资源,67.54,RISK-OFF,ON,0.6754
2023-09-01,黄金ETF,159934.SZ,周期资源,69.29,RISK-OFF,OFF,0.6929
2023-09-08,黄金ETF,159934.SZ,周期资源,72.87,RISK-OFF,OFF,0.7287
2023-09-15,黄金ETF,159934.SZ,周期资源,75.51,RISK-OFF,OFF,0.7551
2023-09-22,黄金ETF,159934.SZ,周期资源,76.07,RISK-OFF,OFF,0.7607
2023-09-28,黄金ETF,159934.SZ,周期资源,73.7,RISK-OFF,OFF,0.737
2023-10-13,黄金ETF,159934.SZ,周期资源,100.0,RISK-OFF,OFF,1.0
2023-10-20,黄金ETF,159934.SZ,周期资源,100.0,RISK-OFF,OFF,1.0
2023-10-27,黄金ETF,159934.SZ,周期资源,100.0,RISK-OFF,OFF,1.0
2023-11-03,黄金ETF,159934.SZ,周期资源,100.0,RISK-OFF,OFF,1.0
2023-11-10,黄金ETF,159934.SZ,周期资源,100.0,RISK-OFF,ON,1.0
2023-11-17,黄金ETF,159934.SZ,周期资源,100.0,RISK-OFF,ON,1.0
2023-11-24,黄金ETF,159934.SZ,周期资源,100.0,RISK-OFF,ON,1.0
2023-12-01,黄金ETF,159934.SZ,周期资源,100.0,RISK-OFF,ON,1.0
2023-12-08,黄金ETF,159934.SZ,周期资源,100.0,RISK-OFF,ON,1.0
2023-12-15,黄金ETF,159934.SZ,周期资源,100.0,RISK-OFF,ON,1.0
2023-12-22,黄金ETF,159934.SZ,周期资源,100.0,RISK-OFF,ON,1.0
2023-12-29,黄金ETF,159934.SZ,周期资源,100.0,RISK-OFF,ON,1.0
2024-01-05,黄金ETF,159934.SZ,周期资源,100.0,RISK-OFF,ON,1.0
2024-01-12,黄金ETF,159934.SZ,周期资源,100.0,RISK-OFF,ON,1.0
2024-01-19,黄金ETF,159934.SZ,周期资源,100.0,RISK-OFF,ON,1.0
2024-01-26,黄金ETF,159934.SZ,周期资源,100.0,RISK-OFF,ON,1.0
2024-02-02,黄金ETF,159934.SZ,周期资源,100.0,RISK-OFF,ON,1.0
2024-02-08,黄金ETF,159934.SZ,周期资源,100.0,RISK-OFF,ON,1.0
2024-02-23,黄金ETF,159934.SZ,周期资源,100.0,RISK-OFF,ON,1.0
2024-03-01,黄金ETF,159934.SZ,周期资源,100.0,RISK-OFF,ON,1.0
2024-03-08,黄金ETF,159934.SZ,周期资源,100.0,RISK-OFF,ON,1.0
2024-03-15,黄金ETF,159934.SZ,周期资源,100.0,RISK-OFF,ON,1.0
2024-03-22,黄金ETF,159934.SZ,周期资源,100.0,RISK-OFF,ON,1.0
2024-03-29,黄金ETF,159934.SZ,周期资源,100.0,RISK-OFF,ON,1.0
2024-04-03,黄金ETF,159934.SZ,周期资源,98.87,RISK-OFF,ON,0.9887
2024-04-12,黄金ETF,159934.SZ,周期资源,93.75,RISK-OFF,ON,0.9375
2024-04-19,黄金ETF,159934.SZ,周期资源,94.01,RISK-OFF,OFF,0.9401
2024-04-26,黄金ETF,159934.SZ,周期资源,95.43,RISK-OFF,OFF,0.9543
2024-04-30,黄金ETF,159934.SZ,周期资源,94.48,RISK-OFF,OFF,0.9448
2024-05-10,黄金ETF,159934.SZ,周期资源,93.96,RISK-OFF,OFF,0.9396
2024-05-17,黄金ETF,159934.SZ,周期资源,96.11,RISK-OFF,OFF,0.9611
2024-05-24,黄金ETF,159934.SZ,周期资源,92.35,RISK-OFF,OFF,0.9235
2024-05-31,黄金ETF,159934.SZ,周期资源,95.42,RISK-OFF,OFF,0.9542
2024-06-07,黄金ETF,159934.SZ,周期资源,96.2,RISK-OFF,OFF,0.962
2024-06-14,黄金ETF,159934.SZ,周期资源,91.09,RISK-OFF,OFF,0.9109
2024-06-21,黄金ETF,159934.SZ,周期资源,90.16,RISK-OFF,OFF,0.9016
2024-06-28,黄金ETF,159934.SZ,周期资源,88.02,RISK-OFF,OFF,0.8802
2024-07-05,黄金ETF,159934.SZ,周期资源,87.59,RISK-OFF,OFF,0.8759
2024-07-12,黄金ETF,159934.SZ,周期资源,87.4,RISK-OFF,OFF,0.874
2024-07-19,黄金ETF,159934.SZ,周期资源,87.26,RISK-OFF,OFF,0.8726
2024-07-26,黄金ETF,159934.SZ,周期资源,85.82,RISK-OFF,OFF,0.8582
2024-08-02,黄金ETF,159934.SZ,周期资源,84.12,RISK-OFF,ON,0.8412
2024-08-09,黄金ETF,159934.SZ,周期资源,81.56,RISK-OFF,ON,0.8156
2024-08-16,黄金ETF,159934.SZ,周期资源,81.81,RISK-OFF,ON,0.8181
2024-08-23,黄金ETF,159934.SZ,周期资源,82.51,RISK-OFF,ON,0.8251
2024-08-30,黄金ETF,159934.SZ,周期资源,82.46,RISK-OFF,ON,0.8246
2024-09-06,黄金ETF,159934.SZ,周期资源,89.81,RISK-OFF,ON,0.8981
2024-09-13,黄金ETF,159934.SZ,周期资源,89.17,RISK-OFF,ON,0.8917
2024-09-20,黄金ETF,159934.SZ,周期资源,89.21,RISK-OFF,ON,0.8921
2024-09-27,房地产ETF,512200.SH,地产链,23.53,RISK-ON,ON,0.9411
2024-09-27,电池ETF,159755.SZ,新能源,11.76,RISK-ON,ON,0.9411
2024-09-27,云计算ETF,159890.SZ,AI数字,11.76,RISK-ON,ON,0.9411
2024-09-27,证券ETF,512880.SH,大金融,11.76,RISK-ON,ON,0.9411
2024-09-27,食品ETF,515170.SH,大消费,11.76,RISK-ON,ON,0.9411
2024-09-27,软件ETF,515230.SH,AI数字,11.76,RISK-ON,ON,0.9411
2024-09-27,家电ETF,561120.SH,大消费,11.76,RISK-ON,ON,0.9411
2024-09-30,软件ETF,515230.SH,AI数字,16.22,RISK-ON,ON,0.6487
2024-09-30,食品ETF,515170.SH,大消费,16.22,RISK-ON,ON,0.6487
2024-09-30,房地产ETF,512200.SH,地产链,8.11,RISK-ON,ON,0.6487
2024-09-30,云计算ETF,159890.SZ,AI数字,8.11,RISK-ON,ON,0.6487
2024-09-30,通信ETF,515880.SH,通信光模块,8.11,RISK-ON,ON,0.6487
2024-09-30,建材ETF,516750.SH,地产链,8.11,RISK-ON,ON,0.6487
2024-10-11,软件ETF,515230.SH,AI数字,15.67,RISK-ON,ON,0.6268
2024-10-11,云计算ETF,159890.SZ,AI数字,7.83,RISK-ON,ON,0.6268
2024-10-11,消费电子ETF,159779.SZ,AI数字,7.83,RISK-ON,ON,0.6268
2024-10-11,房地产ETF,512200.SH,地产链,7.83,RISK-ON,ON,0.6268
2024-10-11,半导体ETF,512480.SH,半导体芯片,7.83,RISK-ON,ON,0.6268
2024-10-11,通信ETF,515880.SH,通信光模块,7.83,RISK-ON,ON,0.6268
2024-10-11,AI_ETF,515980.SH,AI数字,7.83,RISK-ON,ON,0.6268
2024-10-18,软件ETF,515230.SH,AI数字,13.56,RISK-ON,ON,0.5425
2024-10-18,云计算ETF,159890.SZ,AI数字,6.78,RISK-ON,ON,0.5425
2024-10-18,消费电子ETF,159779.SZ,AI数字,6.78,RISK-ON,ON,0.5425
2024-10-18,半导体ETF,512480.SH,半导体芯片,6.78,RISK-ON,ON,0.5425
2024-10-18,军工ETF,512660.SH,高端制造,6.78,RISK-ON,ON,0.5425
2024-10-18,通信ETF,515880.SH,通信光模块,6.78,RISK-ON,ON,0.5425
2024-10-18,AI_ETF,515980.SH,AI数字,6.78,RISK-ON,ON,0.5425
2024-10-25,AI_ETF,515980.SH,AI数字,13.89,RISK-ON,OFF,0.5556
2024-10-25,光伏ETF,159857.SZ,新能源,6.95,RISK-ON,OFF,0.5556
2024-10-25,消费电子ETF,159779.SZ,AI数字,6.95,RISK-ON,OFF,0.5556
2024-10-25,云计算ETF,159890.SZ,AI数字,6.95,RISK-ON,OFF,0.5556
2024-10-25,半导体ETF,512480.SH,半导体芯片,6.95,RISK-ON,OFF,0.5556
2024-10-25,软件ETF,515230.SH,AI数字,6.95,RISK-ON,OFF,0.5556
2024-10-25,通信ETF,515880.SH,通信光模块,6.95,RISK-ON,OFF,0.5556
2024-11-01,消费电子ETF,159779.SZ,AI数字,13.53,RISK-ON,OFF,0.5414
2024-11-01,稀土ETF,159713.SZ,周期资源,6.77,RISK-ON,OFF,0.5414
2024-11-01,云计算ETF,159890.SZ,AI数字,6.77,RISK-ON,OFF,0.5414
2024-11-01,半导体ETF,512480.SH,半导体芯片,6.77,RISK-ON,OFF,0.5414
2024-11-01,军工ETF,512660.SH,高端制造,6.77,RISK-ON,OFF,0.5414
2024-11-01,软件ETF,515230.SH,AI数字,6.77,RISK-ON,OFF,0.5414
2024-11-01,通信ETF,515880.SH,通信光模块,6.77,RISK-ON,OFF,0.5414
2024-11-08,软件ETF,515230.SH,AI数字,11.69,RISK-ON,OFF,0.4674
2024-11-08,消费电子ETF,159779.SZ,AI数字,5.84,RISK-ON,OFF,0.4674
2024-11-08,稀土ETF,159713.SZ,周期资源,5.84,RISK-ON,OFF,0.4674
2024-11-08,云计算ETF,159890.SZ,AI数字,5.84,RISK-ON,OFF,0.4674
2024-11-08,房地产ETF,512200.SH,地产链,5.84,RISK-ON,OFF,0.4674
2024-11-08,半导体ETF,512480.SH,半导体芯片,5.84,RISK-ON,OFF,0.4674
2024-11-08,军工ETF,512660.SH,高端制造,5.84,RISK-ON,OFF,0.4674
2024-11-15,光伏ETF,159857.SZ,新能源,11.07,RISK-ON,OFF,0.443
2024-11-15,稀土ETF,159713.SZ,周期资源,5.54,RISK-ON,OFF,0.443
2024-11-15,电池ETF,159755.SZ,新能源,5.54,RISK-ON,OFF,0.443
2024-11-15,云计算ETF,159890.SZ,AI数字,5.54,RISK-ON,OFF,0.443
2024-11-15,酒ETF,512690.SH,大消费,5.54,RISK-ON,OFF,0.443
2024-11-15,软件ETF,515230.SH,AI数字,5.54,RISK-ON,OFF,0.443
2024-11-15,机器人ETF,562500.SH,高端制造,5.54,RISK-ON,OFF,0.443
2024-11-22,稀土ETF,159713.SZ,周期资源,10.99,RISK-ON,OFF,0.4398
2024-11-22,机器人ETF,562500.SH,高端制造,10.99,RISK-ON,OFF,0.4398
2024-11-22,软件ETF,515230.SH,AI数字,10.99,RISK-ON,OFF,0.4398
2024-11-22,房地产ETF,512200.SH,地产链,5.5,RISK-ON,OFF,0.4398
2024-11-22,云计算ETF,159890.SZ,AI数字,5.5,RISK-ON,OFF,0.4398
2024-11-29,机器人ETF,562500.SH,高端制造,10.96,RISK-ON,OFF,0.4386
2024-11-29,软件ETF,515230.SH,AI数字,10.96,RISK-ON,OFF,0.4386
2024-11-29,半导体ETF,512480.SH,半导体芯片,5.48,RISK-ON,OFF,0.4386
2024-11-29,云计算ETF,159890.SZ,AI数字,5.48,RISK-ON,OFF,0.4386
2024-11-29,新能源车ETF,515030.SH,新能源,5.48,RISK-ON,OFF,0.4386
2024-11-29,AI_ETF,515980.SH,AI数字,5.48,RISK-ON,OFF,0.4386
2024-12-06,游戏ETF,159869.SZ,AI数字,10.92,RISK-ON,OFF,0.4369
2024-12-06,红利ETF,515080.SH,红利,10.92,RISK-ON,OFF,0.4369
2024-12-06,钢铁ETF,515210.SH,周期资源,10.92,RISK-ON,OFF,0.4369
2024-12-06,机器人ETF,562500.SH,高端制造,10.92,RISK-ON,OFF,0.4369
2024-12-13,畜牧ETF,159867.SZ,农业,11.08,RISK-ON,OFF,0.4433
2024-12-13,机器人ETF,562500.SH,高端制造,11.08,RISK-ON,OFF,0.4433
2024-12-13,黄金ETF,159934.SZ,周期资源,5.54,RISK-ON,OFF,0.4433
2024-12-13,房地产ETF,512200.SH,地产链,5.54,RISK-ON,OFF,0.4433
2024-12-13,红利ETF,515080.SH,红利,5.54,RISK-ON,OFF,0.4433
2024-12-13,钢铁ETF,515210.SH,周期资源,5.54,RISK-ON,OFF,0.4433
2024-12-20,消费电子ETF,159779.SZ,AI数字,10.91,RISK-ON,OFF,0.4365
2024-12-20,机器人ETF,562500.SH,高端制造,10.91,RISK-ON,OFF,0.4365
2024-12-20,半导体ETF,512480.SH,半导体芯片,5.46,RISK-ON,OFF,0.4365
2024-12-20,通信ETF,515880.SH,通信光模块,5.46,RISK-ON,OFF,0.4365
2024-12-20,AI_ETF,515980.SH,AI数字,5.46,RISK-ON,OFF,0.4365
2024-12-20,家电ETF,561120.SH,大消费,5.46,RISK-ON,OFF,0.4365
2024-12-27,通信ETF,515880.SH,通信光模块,10.98,RISK-ON,OFF,0.4391
2024-12-27,银行ETF,512800.SH,大金融,10.98,RISK-ON,OFF,0.4391
2024-12-27,半导体ETF,512480.SH,半导体芯片,5.49,RISK-ON,OFF,0.4391
2024-12-27,消费电子ETF,159779.SZ,AI数字,5.49,RISK-ON,OFF,0.4391
2024-12-27,红利ETF,515080.SH,红利,5.49,RISK-ON,OFF,0.4391
2024-12-27,家电ETF,561120.SH,大消费,5.49,RISK-ON,OFF,0.4391
2025-01-03,黄金ETF,159934.SZ,周期资源,10.27,RISK-ON,OFF,0.4107
2025-01-03,家电ETF,561120.SH,大消费,10.27,RISK-ON,OFF,0.4107
2025-01-03,消费电子ETF,159779.SZ,AI数字,5.13,RISK-ON,OFF,0.4107
2025-01-03,红利ETF,515080.SH,红利,5.13,RISK-ON,OFF,0.4107
2025-01-03,通信ETF,515880.SH,通信光模块,5.13,RISK-ON,OFF,0.4107
2025-01-03,石油ETF,561360.SH,周期资源,5.13,RISK-ON,OFF,0.4107
2025-01-10,黄金ETF,159934.SZ,周期资源,10.27,RISK-ON,OFF,0.411
2025-01-10,消费电子ETF,159779.SZ,AI数字,5.14,RISK-ON,OFF,0.411
2025-01-10,有色ETF,159980.SZ,周期资源,5.14,RISK-ON,OFF,0.411
2025-01-10,半导体ETF,512480.SH,半导体芯片,5.14,RISK-ON,OFF,0.411
2025-01-10,银行ETF,512800.SH,大金融,5.14,RISK-ON,OFF,0.411
2025-01-10,红利ETF,515080.SH,红利,5.14,RISK-ON,OFF,0.411
2025-01-10,家电ETF,561120.SH,大消费,5.14,RISK-ON,OFF,0.411
2025-01-17,黄金ETF,159934.SZ,周期资源,10.27,RISK-ON,OFF,0.411
2025-01-17,家电ETF,561120.SH,大消费,10.27,RISK-ON,OFF,0.411
2025-01-17,有色ETF,159980.SZ,周期资源,5.14,RISK-ON,OFF,0.411
2025-01-17,银行ETF,512800.SH,大金融,5.14,RISK-ON,OFF,0.411
2025-01-17,红利ETF,515080.SH,红利,5.14,RISK-ON,OFF,0.411
2025-01-17,石油ETF,561360.SH,周期资源,5.14,RISK-ON,OFF,0.411
2025-01-24,黄金ETF,159934.SZ,周期资源,10.31,RISK-ON,OFF,0.4124
2025-01-24,稀土ETF,159713.SZ,周期资源,5.15,RISK-ON,OFF,0.4124
2025-01-24,消费电子ETF,159779.SZ,AI数字,5.15,RISK-ON,OFF,0.4124
2025-01-24,有色ETF,159980.SZ,周期资源,5.15,RISK-ON,OFF,0.4124
2025-01-24,通信ETF,515880.SH,通信光模块,5.15,RISK-ON,OFF,0.4124
2025-01-24,家电ETF,561120.SH,大消费,5.15,RISK-ON,OFF,0.4124
2025-01-24,机器人ETF,562500.SH,高端制造,5.15,RISK-ON,OFF,0.4124
2025-01-27,软件ETF,515230.SH,AI数字,10.31,RISK-ON,OFF,0.4124
2025-01-27,云计算ETF,159890.SZ,AI数字,5.15,RISK-ON,OFF,0.4124
2025-01-27,稀土ETF,159713.SZ,周期资源,5.15,RISK-ON,OFF,0.4124
2025-01-27,半导体ETF,512480.SH,半导体芯片,5.15,RISK-ON,OFF,0.4124
2025-01-27,通信ETF,515880.SH,通信光模块,5.15,RISK-ON,OFF,0.4124
2025-01-27,AI_ETF,515980.SH,AI数字,5.15,RISK-ON,OFF,0.4124
2025-01-27,机器人ETF,562500.SH,高端制造,5.15,RISK-ON,OFF,0.4124
2025-02-07,软件ETF,515230.SH,AI数字,9.52,RISK-ON,ON,0.3809
2025-02-07,游戏ETF,159869.SZ,AI数字,4.76,RISK-ON,ON,0.3809
2025-02-07,电池ETF,159755.SZ,新能源,4.76,RISK-ON,ON,0.3809
2025-02-07,云计算ETF,159890.SZ,AI数字,4.76,RISK-ON,ON,0.3809
2025-02-07,通信ETF,515880.SH,通信光模块,4.76,RISK-ON,ON,0.3809
2025-02-07,AI_ETF,515980.SH,AI数字,4.76,RISK-ON,ON,0.3809
2025-02-07,机器人ETF,562500.SH,高端制造,4.76,RISK-ON,ON,0.3809
2025-02-14,游戏ETF,159869.SZ,AI数字,9.33,RISK-ON,ON,0.3732
2025-02-14,医疗器械ETF,159883.SZ,医疗,4.66,RISK-ON,ON,0.3732
2025-02-14,云计算ETF,159890.SZ,AI数字,4.66,RISK-ON,ON,0.3732
2025-02-14,非银ETF,159892.SZ,大金融,4.66,RISK-ON,ON,0.3732
2025-02-14,软件ETF,515230.SH,AI数字,4.66,RISK-ON,ON,0.3732
2025-02-14,AI_ETF,515980.SH,AI数字,4.66,RISK-ON,ON,0.3732
2025-02-14,机器人ETF,562500.SH,高端制造,4.66,RISK-ON,ON,0.3732
2025-02-21,医疗器械ETF,159883.SZ,医疗,9.21,RISK-ON,ON,0.3684
2025-02-21,游戏ETF,159869.SZ,AI数字,4.6,RISK-ON,ON,0.3684
2025-02-21,云计算ETF,159890.SZ,AI数字,4.6,RISK-ON,ON,0.3684
2025-02-21,半导体ETF,512480.SH,半导体芯片,4.6,RISK-ON,ON,0.3684
2025-02-21,软件ETF,515230.SH,AI数字,4.6,RISK-ON,ON,0.3684
2025-02-21,AI_ETF,515980.SH,AI数字,4.6,RISK-ON,ON,0.3684
2025-02-21,机器人ETF,562500.SH,高端制造,4.6,RISK-ON,ON,0.3684
2025-02-28,电池ETF,159755.SZ,新能源,8.62,RISK-ON,ON,0.345
2025-02-28,游戏ETF,159869.SZ,AI数字,4.31,RISK-ON,ON,0.345
2025-02-28,云计算ETF,159890.SZ,AI数字,4.31,RISK-ON,ON,0.345
2025-02-28,半导体ETF,512480.SH,半导体芯片,4.31,RISK-ON,ON,0.345
2025-02-28,新能源车ETF,515030.SH,新能源,4.31,RISK-ON,ON,0.345
2025-02-28,软件ETF,515230.SH,AI数字,4.31,RISK-ON,ON,0.345
2025-02-28,机器人ETF,562500.SH,高端制造,4.31,RISK-ON,ON,0.345
2025-03-07,云计算ETF,159890.SZ,AI数字,8.57,RISK-ON,ON,0.3428
2025-03-07,非银ETF,159892.SZ,大金融,8.57,RISK-ON,ON,0.3428
2025-03-07,半导体ETF,512480.SH,半导体芯片,4.28,RISK-ON,ON,0.3428
2025-03-07,钢铁ETF,515210.SH,周期资源,4.28,RISK-ON,ON,0.3428
2025-03-07,软件ETF,515230.SH,AI数字,4.28,RISK-ON,ON,0.3428
2025-03-07,机器人ETF,562500.SH,高端制造,4.28,RISK-ON,ON,0.3428
2025-03-14,非银ETF,159892.SZ,大金融,8.54,RISK-ON,ON,0.3416
2025-03-14,稀土ETF,159713.SZ,周期资源,4.27,RISK-ON,ON,0.3416
2025-03-14,半导体ETF,512480.SH,半导体芯片,4.27,RISK-ON,ON,0.3416
2025-03-14,酒ETF,512690.SH,大消费,4.27,RISK-ON,ON,0.3416
2025-03-14,食品ETF,515170.SH,大消费,4.27,RISK-ON,ON,0.3416
2025-03-14,钢铁ETF,515210.SH,周期资源,4.27,RISK-ON,ON,0.3416
2025-03-14,机器人ETF,562500.SH,高端制造,4.27,RISK-ON,ON,0.3416
2025-03-21,建材ETF,516750.SH,地产链,8.47,RISK-ON,ON,0.3387
2025-03-21,钢铁ETF,515210.SH,周期资源,8.47,RISK-ON,ON,0.3387
2025-03-21,红利ETF,515080.SH,红利,4.23,RISK-ON,ON,0.3387
2025-03-21,酒ETF,512690.SH,大消费,4.23,RISK-ON,ON,0.3387
2025-03-21,食品ETF,515170.SH,大消费,4.23,RISK-ON,ON,0.3387
2025-03-21,石油ETF,561360.SH,周期资源,4.23,RISK-ON,ON,0.3387
2025-03-28,畜牧ETF,159867.SZ,农业,8.44,RISK-ON,ON,0.3376
2025-03-28,黄金ETF,159934.SZ,周期资源,8.44,RISK-ON,ON,0.3376
2025-03-28,非银ETF,159892.SZ,大金融,4.22,RISK-ON,ON,0.3376
2025-03-28,有色ETF,159980.SZ,周期资源,4.22,RISK-ON,ON,0.3376
2025-03-28,酒ETF,512690.SH,大消费,4.22,RISK-ON,ON,0.3376
2025-03-28,建材ETF,516750.SH,地产链,4.22,RISK-ON,ON,0.3376
2025-04-03,畜牧ETF,159867.SZ,农业,9.13,RISK-ON,OFF,0.365
2025-04-03,非银ETF,159892.SZ,大金融,4.56,RISK-ON,OFF,0.365
2025-04-03,黄金ETF,159934.SZ,周期资源,4.56,RISK-ON,OFF,0.365
2025-04-03,创新药ETF,159992.SZ,医疗,4.56,RISK-ON,OFF,0.365
2025-04-03,红利ETF,515080.SH,红利,4.56,RISK-ON,OFF,0.365
2025-04-03,食品ETF,515170.SH,大消费,4.56,RISK-ON,OFF,0.365
2025-04-03,石油ETF,561360.SH,周期资源,4.56,RISK-ON,OFF,0.365
2025-04-11,畜牧ETF,159867.SZ,农业,9.35,RISK-ON,OFF,0.3741
2025-04-11,建材ETF,516750.SH,地产链,9.35,RISK-ON,OFF,0.3741
2025-04-11,黄金ETF,159934.SZ,周期资源,4.68,RISK-ON,OFF,0.3741
2025-04-11,创新药ETF,159992.SZ,医疗,4.68,RISK-ON,OFF,0.3741
2025-04-11,红利ETF,515080.SH,红利,4.68,RISK-ON,OFF,0.3741
2025-04-11,食品ETF,515170.SH,大消费,4.68,RISK-ON,OFF,0.3741
2025-04-18,畜牧ETF,159867.SZ,农业,10.0,RISK-ON,OFF,0.4
2025-04-18,房地产ETF,512200.SH,地产链,10.0,RISK-ON,OFF,0.4
2025-04-18,半导体ETF,512480.SH,半导体芯片,5.0,RISK-ON,OFF,0.4
2025-04-18,红利ETF,515080.SH,红利,5.0,RISK-ON,OFF,0.4
2025-04-18,食品ETF,515170.SH,大消费,5.0,RISK-ON,OFF,0.4
2025-04-18,建材ETF,516750.SH,地产链,5.0,RISK-ON,OFF,0.4
2025-04-25,畜牧ETF,159867.SZ,农业,9.99,RISK-ON,OFF,0.3995
2025-04-25,非银ETF,159892.SZ,大金融,4.99,RISK-ON,OFF,0.3995
2025-04-25,半导体ETF,512480.SH,半导体芯片,4.99,RISK-ON,OFF,0.3995
2025-04-25,银行ETF,512800.SH,大金融,4.99,RISK-ON,OFF,0.3995
2025-04-25,红利ETF,515080.SH,红利,4.99,RISK-ON,OFF,0.3995
2025-04-25,食品ETF,515170.SH,大消费,4.99,RISK-ON,OFF,0.3995
2025-04-25,建材ETF,516750.SH,地产链,4.99,RISK-ON,OFF,0.3995
2025-04-30,畜牧ETF,159867.SZ,农业,10.1,RISK-ON,OFF,0.4041
2025-04-30,消费电子ETF,159779.SZ,AI数字,5.05,RISK-ON,OFF,0.4041
2025-04-30,云计算ETF,159890.SZ,AI数字,5.05,RISK-ON,OFF,0.4041
2025-04-30,非银ETF,159892.SZ,大金融,5.05,RISK-ON,OFF,0.4041
2025-04-30,半导体ETF,512480.SH,半导体芯片,5.05,RISK-ON,OFF,0.4041
2025-04-30,军工ETF,512660.SH,高端制造,5.05,RISK-ON,OFF,0.4041
2025-04-30,食品ETF,515170.SH,大消费,5.05,RISK-ON,OFF,0.4041
2025-05-09,通信ETF,515880.SH,通信光模块,11.48,RISK-ON,OFF,0.459
2025-05-09,游戏ETF,159869.SZ,AI数字,5.74,RISK-ON,OFF,0.459
2025-05-09,电池ETF,159755.SZ,新能源,5.74,RISK-ON,OFF,0.459
2025-05-09,非银ETF,159892.SZ,大金融,5.74,RISK-ON,OFF,0.459
2025-05-09,新能源车ETF,515030.SH,新能源,5.74,RISK-ON,OFF,0.459
2025-05-09,家电ETF,561120.SH,大消费,5.74,RISK-ON,OFF,0.459
2025-05-09,机器人ETF,562500.SH,高端制造,5.74,RISK-ON,OFF,0.459
2025-05-16,电池ETF,159755.SZ,新能源,11.96,RISK-ON,OFF,0.4783
2025-05-16,稀土ETF,159713.SZ,周期资源,5.98,RISK-ON,OFF,0.4783
2025-05-16,非银ETF,159892.SZ,大金融,5.98,RISK-ON,OFF,0.4783
2025-05-16,新能源车ETF,515030.SH,新能源,5.98,RISK-ON,OFF,0.4783
2025-05-16,通信ETF,515880.SH,通信光模块,5.98,RISK-ON,OFF,0.4783
2025-05-16,家电ETF,561120.SH,大消费,5.98,RISK-ON,OFF,0.4783
2025-05-16,机器人ETF,562500.SH,高端制造,5.98,RISK-ON,OFF,0.4783
2025-05-23,电池ETF,159755.SZ,新能源,12.13,RISK-ON,OFF,0.4851
2025-05-23,医疗器械ETF,159883.SZ,医疗,6.06,RISK-ON,OFF,0.4851
2025-05-23,创新药ETF,159992.SZ,医疗,6.06,RISK-ON,OFF,0.4851
2025-05-23,军工ETF,512660.SH,高端制造,6.06,RISK-ON,OFF,0.4851
2025-05-23,新能源车ETF,515030.SH,新能源,6.06,RISK-ON,OFF,0.4851
2025-05-23,通信ETF,515880.SH,通信光模块,6.06,RISK-ON,OFF,0.4851
2025-05-23,家电ETF,561120.SH,大消费,6.06,RISK-ON,OFF,0.4851
2025-05-30,通信ETF,515880.SH,通信光模块,12.18,RISK-ON,ON,0.4872
2025-05-30,创新药ETF,159992.SZ,医疗,12.18,RISK-ON,ON,0.4872
2025-05-30,医疗器械ETF,159883.SZ,医疗,6.09,RISK-ON,ON,0.4872
2025-05-30,畜牧ETF,159867.SZ,农业,6.09,RISK-ON,ON,0.4872
2025-05-30,非银ETF,159892.SZ,大金融,6.09,RISK-ON,ON,0.4872
2025-05-30,石油ETF,561360.SH,周期资源,6.09,RISK-ON,ON,0.4872
2025-06-06,畜牧ETF,159867.SZ,农业,12.2,RISK-ON,ON,0.4881
2025-06-06,非银ETF,159892.SZ,大金融,12.2,RISK-ON,ON,0.4881
2025-06-06,创新药ETF,159992.SZ,医疗,12.2,RISK-ON,ON,0.4881
2025-06-06,医疗器械ETF,159883.SZ,医疗,6.1,RISK-ON,ON,0.4881
2025-06-06,通信ETF,515880.SH,通信光模块,6.1,RISK-ON,ON,0.4881
2025-06-13,畜牧ETF,159867.SZ,农业,12.0,RISK-ON,ON,0.4799
2025-06-13,通信ETF,515880.SH,通信光模块,12.0,RISK-ON,ON,0.4799
2025-06-13,稀土ETF,159713.SZ,周期资源,6.0,RISK-ON,ON,0.4799
2025-06-13,非银ETF,159892.SZ,大金融,6.0,RISK-ON,ON,0.4799
2025-06-13,创新药ETF,159992.SZ,医疗,6.0,RISK-ON,ON,0.4799
2025-06-13,石油ETF,561360.SH,周期资源,6.0,RISK-ON,ON,0.4799
2025-06-20,通信ETF,515880.SH,通信光模块,12.01,RISK-ON,ON,0.4805
2025-06-20,石油ETF,561360.SH,周期资源,12.01,RISK-ON,ON,0.4805
2025-06-20,游戏ETF,159869.SZ,AI数字,6.01,RISK-ON,ON,0.4805
2025-06-20,稀土ETF,159713.SZ,周期资源,6.01,RISK-ON,ON,0.4805
2025-06-20,非银ETF,159892.SZ,大金融,6.01,RISK-ON,ON,0.4805
2025-06-20,云计算ETF,159890.SZ,AI数字,6.01,RISK-ON,ON,0.4805
2025-06-27,通信ETF,515880.SH,通信光模块,11.88,RISK-ON,ON,0.4751
2025-06-27,电池ETF,159755.SZ,新能源,5.94,RISK-ON,ON,0.4751
2025-06-27,稀土ETF,159713.SZ,周期资源,5.94,RISK-ON,ON,0.4751
2025-06-27,消费电子ETF,159779.SZ,AI数字,5.94,RISK-ON,ON,0.4751
2025-06-27,游戏ETF,159869.SZ,AI数字,5.94,RISK-ON,ON,0.4751
2025-06-27,云计算ETF,159890.SZ,AI数字,5.94,RISK-ON,ON,0.4751
2025-06-27,证券ETF,512880.SH,大金融,5.94,RISK-ON,ON,0.4751
2025-07-04,光伏ETF,159857.SZ,新能源,12.95,RISK-ON,ON,0.5181
2025-07-04,通信ETF,515880.SH,通信光模块,12.95,RISK-ON,ON,0.5181
2025-07-04,稀土ETF,159713.SZ,周期资源,6.48,RISK-ON,ON,0.5181
2025-07-04,游戏ETF,159869.SZ,AI数字,6.48,RISK-ON,ON,0.5181
2025-07-04,非银ETF,159892.SZ,大金融,6.48,RISK-ON,ON,0.5181
2025-07-04,钢铁ETF,515210.SH,周期资源,6.48,RISK-ON,ON,0.5181
2025-07-11,光伏ETF,159857.SZ,新能源,12.61,RISK-ON,ON,0.5046
2025-07-11,通信ETF,515880.SH,通信光模块,12.61,RISK-ON,ON,0.5046
2025-07-11,稀土ETF,159713.SZ,周期资源,6.31,RISK-ON,ON,0.5046
2025-07-11,游戏ETF,159869.SZ,AI数字,6.31,RISK-ON,ON,0.5046
2025-07-11,房地产ETF,512200.SH,地产链,6.31,RISK-ON,ON,0.5046
2025-07-11,钢铁ETF,515210.SH,周期资源,6.31,RISK-ON,ON,0.5046
2025-07-18,云计算ETF,159890.SZ,AI数字,12.61,RISK-ON,ON,0.5044
2025-07-18,通信ETF,515880.SH,通信光模块,12.61,RISK-ON,ON,0.5044
2025-07-18,稀土ETF,159713.SZ,周期资源,6.31,RISK-ON,ON,0.5044
2025-07-18,非银ETF,159892.SZ,大金融,6.31,RISK-ON,ON,0.5044
2025-07-18,军工ETF,512660.SH,高端制造,6.31,RISK-ON,ON,0.5044
2025-07-18,钢铁ETF,515210.SH,周期资源,6.31,RISK-ON,ON,0.5044
2025-07-25,稀土ETF,159713.SZ,周期资源,12.56,RISK-ON,OFF,0.5022
2025-07-25,建材ETF,516750.SH,地产链,12.56,RISK-ON,OFF,0.5022
2025-07-25,光伏ETF,159857.SZ,新能源,6.28,RISK-ON,OFF,0.5022
2025-07-25,创新药ETF,159992.SZ,医疗,6.28,RISK-ON,OFF,0.5022
2025-07-25,钢铁ETF,515210.SH,周期资源,6.28,RISK-ON,OFF,0.5022
2025-07-25,通信ETF,515880.SH,通信光模块,6.28,RISK-ON,OFF,0.5022
2025-08-01,云计算ETF,159890.SZ,AI数字,12.6,RISK-ON,OFF,0.5041
2025-08-01,通信ETF,515880.SH,通信光模块,12.6,RISK-ON,OFF,0.5041
2025-08-01,稀土ETF,159713.SZ,周期资源,6.3,RISK-ON,OFF,0.5041
2025-08-01,创新药ETF,159992.SZ,医疗,6.3,RISK-ON,OFF,0.5041
2025-08-01,AI_ETF,515980.SH,AI数字,6.3,RISK-ON,OFF,0.5041
2025-08-01,建材ETF,516750.SH,地产链,6.3,RISK-ON,OFF,0.5041
2025-08-08,AI_ETF,515980.SH,AI数字,14.84,RISK-ON,OFF,0.5934
2025-08-08,通信ETF,515880.SH,通信光模块,14.84,RISK-ON,OFF,0.5934
2025-08-08,稀土ETF,159713.SZ,周期资源,7.42,RISK-ON,OFF,0.5934
2025-08-08,航空航天ETF,159227.SZ,高端制造,7.42,RISK-ON,OFF,0.5934
2025-08-08,创新药ETF,159992.SZ,医疗,7.42,RISK-ON,OFF,0.5934
2025-08-08,机器人ETF,562500.SH,高端制造,7.42,RISK-ON,OFF,0.5934
2025-08-15,通信ETF,515880.SH,通信光模块,14.31,RISK-ON,OFF,0.5724
2025-08-15,科创芯片ETF,589100.SH,半导体芯片,14.31,RISK-ON,OFF,0.5724
2025-08-15,AI_ETF,515980.SH,AI数字,14.31,RISK-ON,OFF,0.5724
2025-08-15,稀土ETF,159713.SZ,周期资源,7.16,RISK-ON,OFF,0.5724
2025-08-15,建材ETF,516750.SH,地产链,7.16,RISK-ON,OFF,0.5724
2025-08-22,通信ETF,515880.SH,通信光模块,11.4,RISK-ON,OFF,0.4559
2025-08-22,科创芯片ETF,589100.SH,半导体芯片,11.4,RISK-ON,OFF,0.4559
2025-08-22,AI_ETF,515980.SH,AI数字,11.4,RISK-ON,OFF,0.4559
2025-08-22,消费电子ETF,159779.SZ,AI数字,5.7,RISK-ON,OFF,0.4559
2025-08-22,机器人ETF,562500.SH,高端制造,5.7,RISK-ON,OFF,0.4559
2025-08-29,通信ETF,515880.SH,通信光模块,11.19,RISK-ON,OFF,0.4475
2025-08-29,科创芯片ETF,589100.SH,半导体芯片,11.19,RISK-ON,OFF,0.4475
2025-08-29,AI_ETF,515980.SH,AI数字,11.19,RISK-ON,OFF,0.4475
2025-08-29,电池ETF,159755.SZ,新能源,5.59,RISK-ON,OFF,0.4475
2025-08-29,消费电子ETF,159779.SZ,AI数字,5.59,RISK-ON,OFF,0.4475
2025-09-05,AI_ETF,515980.SH,AI数字,10.97,RISK-ON,OFF,0.4387
2025-09-05,科创芯片ETF,589100.SH,半导体芯片,10.97,RISK-ON,OFF,0.4387
2025-09-05,消费电子ETF,159779.SZ,AI数字,5.48,RISK-ON,OFF,0.4387
2025-09-05,电池ETF,159755.SZ,新能源,5.48,RISK-ON,OFF,0.4387
2025-09-05,通信ETF,515880.SH,通信光模块,5.48,RISK-ON,OFF,0.4387
2025-09-05,新能源车ETF,515030.SH,新能源,5.48,RISK-ON,OFF,0.4387
2025-09-12,AI_ETF,515980.SH,AI数字,10.86,RISK-ON,OFF,0.4344
2025-09-12,科创芯片ETF,589100.SH,半导体芯片,10.86,RISK-ON,OFF,0.4344
2025-09-12,消费电子ETF,159779.SZ,AI数字,5.43,RISK-ON,OFF,0.4344
2025-09-12,电池ETF,159755.SZ,新能源,5.43,RISK-ON,OFF,0.4344
2025-09-12,通信ETF,515880.SH,通信光模块,5.43,RISK-ON,OFF,0.4344
2025-09-12,新能源车ETF,515030.SH,新能源,5.43,RISK-ON,OFF,0.4344
2025-09-19,电池ETF,159755.SZ,新能源,11.09,RISK-ON,OFF,0.4436
2025-09-19,消费电子ETF,159779.SZ,AI数字,11.09,RISK-ON,OFF,0.4436
2025-09-19,电网设备ETF,159326.SZ,新能源,5.54,RISK-ON,OFF,0.4436
2025-09-19,半导体ETF,512480.SH,半导体芯片,5.54,RISK-ON,OFF,0.4436
2025-09-19,新能源车ETF,515030.SH,新能源,5.54,RISK-ON,OFF,0.4436
2025-09-19,通信ETF,515880.SH,通信光模块,5.54,RISK-ON,OFF,0.4436
2025-09-26,科创芯片ETF,589100.SH,半导体芯片,11.18,RISK-ON,OFF,0.4473
2025-09-26,电池ETF,159755.SZ,新能源,5.59,RISK-ON,OFF,0.4473
2025-09-26,电网设备ETF,159326.SZ,新能源,5.59,RISK-ON,OFF,0.4473
2025-09-26,光伏ETF,159857.SZ,新能源,5.59,RISK-ON,OFF,0.4473
2025-09-26,游戏ETF,159869.SZ,AI数字,5.59,RISK-ON,OFF,0.4473
2025-09-26,新能源车ETF,515030.SH,新能源,5.59,RISK-ON,OFF,0.4473
2025-09-26,通信ETF,515880.SH,通信光模块,5.59,RISK-ON,OFF,0.4473
2025-09-30,科创芯片ETF,589100.SH,半导体芯片,11.16,RISK-ON,OFF,0.4462
2025-09-30,消费电子ETF,159779.SZ,AI数字,11.16,RISK-ON,OFF,0.4462
2025-09-30,电池ETF,159755.SZ,新能源,5.58,RISK-ON,OFF,0.4462
2025-09-30,电网设备ETF,159326.SZ,新能源,5.58,RISK-ON,OFF,0.4462
2025-09-30,新能源车ETF,515030.SH,新能源,5.58,RISK-ON,OFF,0.4462
2025-09-30,机器人ETF,562500.SH,高端制造,5.58,RISK-ON,OFF,0.4462
2025-10-10,电网设备ETF,159326.SZ,新能源,11.08,RISK-ON,OFF,0.4431
2025-10-10,科创芯片ETF,589100.SH,半导体芯片,11.08,RISK-ON,OFF,0.4431
2025-10-10,航空航天ETF,159227.SZ,高端制造,5.54,RISK-ON,OFF,0.4431
2025-10-10,消费电子ETF,159779.SZ,AI数字,5.54,RISK-ON,OFF,0.4431
2025-10-10,黄金ETF,159934.SZ,周期资源,5.54,RISK-ON,OFF,0.4431
2025-10-10,新能源车ETF,515030.SH,新能源,5.54,RISK-ON,OFF,0.4431
2025-10-17,电网设备ETF,159326.SZ,新能源,10.6,RISK-ON,OFF,0.4242
2025-10-17,黄金ETF,159934.SZ,周期资源,10.6,RISK-ON,OFF,0.4242
2025-10-17,稀土ETF,159713.SZ,周期资源,5.3,RISK-ON,OFF,0.4242
2025-10-17,红利ETF,515080.SH,红利,5.3,RISK-ON,OFF,0.4242
2025-10-17,钢铁ETF,515210.SH,周期资源,5.3,RISK-ON,OFF,0.4242
2025-10-17,科创芯片ETF,589100.SH,半导体芯片,5.3,RISK-ON,OFF,0.4242
2025-10-24,电网设备ETF,159326.SZ,新能源,10.7,RISK-ON,OFF,0.4278
2025-10-24,红利ETF,515080.SH,红利,10.7,RISK-ON,OFF,0.4278
2025-10-24,煤炭ETF,515220.SH,周期资源,10.7,RISK-ON,OFF,0.4278
2025-10-24,稀土ETF,159713.SZ,周期资源,5.35,RISK-ON,OFF,0.4278
2025-10-24,通信ETF,515880.SH,通信光模块,5.35,RISK-ON,OFF,0.4278
2025-10-31,电网设备ETF,159326.SZ,新能源,10.77,RISK-ON,OFF,0.4306
2025-10-31,红利ETF,515080.SH,红利,10.77,RISK-ON,OFF,0.4306
2025-10-31,煤炭ETF,515220.SH,周期资源,10.77,RISK-ON,OFF,0.4306
2025-10-31,通信ETF,515880.SH,通信光模块,5.38,RISK-ON,OFF,0.4306
2025-10-31,石油ETF,561360.SH,周期资源,5.38,RISK-ON,OFF,0.4306
2025-11-07,光伏ETF,159857.SZ,新能源,10.68,RISK-ON,OFF,0.4271
2025-11-07,红利ETF,515080.SH,红利,10.68,RISK-ON,OFF,0.4271
2025-11-07,电网设备ETF,159326.SZ,新能源,5.34,RISK-ON,OFF,0.4271
2025-11-07,煤炭ETF,515220.SH,周期资源,5.34,RISK-ON,OFF,0.4271
2025-11-07,通信ETF,515880.SH,通信光模块,5.34,RISK-ON,OFF,0.4271
2025-11-07,石油ETF,561360.SH,周期资源,5.34,RISK-ON,OFF,0.4271
2025-11-14,光伏ETF,159857.SZ,新能源,10.44,RISK-ON,OFF,0.4175
2025-11-14,电网设备ETF,159326.SZ,新能源,5.22,RISK-ON,OFF,0.4175
2025-11-14,化工ETF,159870.SZ,周期资源,5.22,RISK-ON,OFF,0.4175
2025-11-14,新能源车ETF,515030.SH,新能源,5.22,RISK-ON,OFF,0.4175
2025-11-14,红利ETF,515080.SH,红利,5.22,RISK-ON,OFF,0.4175
2025-11-14,通信ETF,515880.SH,通信光模块,5.22,RISK-ON,OFF,0.4175
2025-11-14,石油ETF,561360.SH,周期资源,5.22,RISK-ON,OFF,0.4175
2025-11-21,畜牧ETF,159867.SZ,农业,9.53,RISK-ON,OFF,0.3811
2025-11-21,化工ETF,159870.SZ,周期资源,4.76,RISK-ON,OFF,0.3811
2025-11-21,酒ETF,512690.SH,大消费,4.76,RISK-ON,OFF,0.3811
2025-11-21,红利ETF,515080.SH,红利,4.76,RISK-ON,OFF,0.3811
2025-11-21,钢铁ETF,515210.SH,周期资源,4.76,RISK-ON,OFF,0.3811
2025-11-21,建材ETF,516750.SH,地产链,4.76,RISK-ON,OFF,0.3811
2025-11-21,石油ETF,561360.SH,周期资源,4.76,RISK-ON,OFF,0.3811
2025-11-28,畜牧ETF,159867.SZ,农业,9.61,RISK-ON,OFF,0.3844
2025-11-28,黄金ETF,159934.SZ,周期资源,4.8,RISK-ON,OFF,0.3844
2025-11-28,有色ETF,159980.SZ,周期资源,4.8,RISK-ON,OFF,0.3844
2025-11-28,红利ETF,515080.SH,红利,4.8,RISK-ON,OFF,0.3844
2025-11-28,食品ETF,515170.SH,大消费,4.8,RISK-ON,OFF,0.3844
2025-11-28,建材ETF,516750.SH,地产链,4.8,RISK-ON,OFF,0.3844
2025-11-28,石油ETF,561360.SH,周期资源,4.8,RISK-ON,OFF,0.3844
2025-12-05,航空航天ETF,159227.SZ,高端制造,9.6,RISK-ON,OFF,0.3838
2025-12-05,有色ETF,159980.SZ,周期资源,9.6,RISK-ON,OFF,0.3838
2025-12-05,家电ETF,561120.SH,大消费,9.6,RISK-ON,OFF,0.3838
2025-12-05,通信ETF,515880.SH,通信光模块,4.8,RISK-ON,OFF,0.3838
2025-12-05,石油ETF,561360.SH,周期资源,4.8,RISK-ON,OFF,0.3838
2025-12-12,航空航天ETF,159227.SZ,高端制造,9.62,RISK-ON,OFF,0.3847
2025-12-12,云计算ETF,159890.SZ,AI数字,9.62,RISK-ON,OFF,0.3847
2025-12-12,消费电子ETF,159779.SZ,AI数字,4.81,RISK-ON,OFF,0.3847
2025-12-12,有色ETF,159980.SZ,周期资源,4.81,RISK-ON,OFF,0.3847
2025-12-12,半导体ETF,512480.SH,半导体芯片,4.81,RISK-ON,OFF,0.3847
2025-12-12,通信ETF,515880.SH,通信光模块,4.81,RISK-ON,OFF,0.3847
2025-12-19,航空航天ETF,159227.SZ,高端制造,9.75,RISK-ON,OFF,0.39
2025-12-19,消费电子ETF,159779.SZ,AI数字,4.87,RISK-ON,OFF,0.39
2025-12-19,游戏ETF,159869.SZ,AI数字,4.87,RISK-ON,OFF,0.39
2025-12-19,云计算ETF,159890.SZ,AI数字,4.87,RISK-ON,OFF,0.39
2025-12-19,有色ETF,159980.SZ,周期资源,4.87,RISK-ON,OFF,0.39
2025-12-19,半导体ETF,512480.SH,半导体芯片,4.87,RISK-ON,OFF,0.39
2025-12-19,通信ETF,515880.SH,通信光模块,4.87,RISK-ON,OFF,0.39
2025-12-26,航空航天ETF,159227.SZ,高端制造,9.7,RISK-ON,OFF,0.3881
2025-12-26,电网设备ETF,159326.SZ,新能源,4.85,RISK-ON,OFF,0.3881
2025-12-26,化工ETF,159870.SZ,周期资源,4.85,RISK-ON,OFF,0.3881
2025-12-26,有色ETF,159980.SZ,周期资源,4.85,RISK-ON,OFF,0.3881
2025-12-26,军工ETF,512660.SH,高端制造,4.85,RISK-ON,OFF,0.3881
2025-12-26,通信ETF,515880.SH,通信光模块,4.85,RISK-ON,OFF,0.3881
2025-12-26,石油ETF,561360.SH,周期资源,4.85,RISK-ON,OFF,0.3881
2025-12-31,航空航天ETF,159227.SZ,高端制造,9.71,RISK-ON,OFF,0.3883
2025-12-31,云计算ETF,159890.SZ,AI数字,9.71,RISK-ON,OFF,0.3883
2025-12-31,半导体ETF,512480.SH,半导体芯片,4.85,RISK-ON,OFF,0.3883
2025-12-31,军工ETF,512660.SH,高端制造,4.85,RISK-ON,OFF,0.3883
2025-12-31,通信ETF,515880.SH,通信光模块,4.85,RISK-ON,OFF,0.3883
2025-12-31,石油ETF,561360.SH,周期资源,4.85,RISK-ON,OFF,0.3883
2026-01-09,航空航天ETF,159227.SZ,高端制造,9.17,RISK-ON,OFF,0.3669
2026-01-09,稀土ETF,159713.SZ,周期资源,9.17,RISK-ON,OFF,0.3669
2026-01-09,军工ETF,512660.SH,高端制造,4.59,RISK-ON,OFF,0.3669
2026-01-09,软件ETF,515230.SH,AI数字,4.59,RISK-ON,OFF,0.3669
2026-01-09,石油ETF,561360.SH,周期资源,4.59,RISK-ON,OFF,0.3669
2026-01-09,科创芯片ETF,589100.SH,半导体芯片,4.59,RISK-ON,OFF,0.3669
2026-01-16,软件ETF,515230.SH,AI数字,9.08,RISK-ON,OFF,0.3634
2026-01-16,科创芯片ETF,589100.SH,半导体芯片,9.08,RISK-ON,OFF,0.3634
2026-01-16,稀土ETF,159713.SZ,周期资源,4.54,RISK-ON,OFF,0.3634
2026-01-16,电网设备ETF,159326.SZ,新能源,4.54,RISK-ON,OFF,0.3634
2026-01-16,军工ETF,512660.SH,高端制造,4.54,RISK-ON,OFF,0.3634
2026-01-16,云计算ETF,159890.SZ,AI数字,4.54,RISK-ON,OFF,0.3634
2026-01-23,科创芯片ETF,589100.SH,半导体芯片,9.09,RISK-ON,OFF,0.3636
2026-01-23,稀土ETF,159713.SZ,周期资源,4.54,RISK-ON,OFF,0.3636
2026-01-23,航空航天ETF,159227.SZ,高端制造,4.54,RISK-ON,OFF,0.3636
2026-01-23,光伏ETF,159857.SZ,新能源,4.54,RISK-ON,OFF,0.3636
2026-01-23,云计算ETF,159890.SZ,AI数字,4.54,RISK-ON,OFF,0.3636
2026-01-23,软件ETF,515230.SH,AI数字,4.54,RISK-ON,OFF,0.3636
2026-01-23,石油ETF,561360.SH,周期资源,4.54,RISK-ON,OFF,0.3636
2026-01-30,科创芯片ETF,589100.SH,半导体芯片,8.99,RISK-ON,OFF,0.3596
2026-01-30,建材ETF,516750.SH,地产链,8.99,RISK-ON,OFF,0.3596
2026-01-30,黄金ETF,159934.SZ,周期资源,4.5,RISK-ON,OFF,0.3596
2026-01-30,云计算ETF,159890.SZ,AI数字,4.5,RISK-ON,OFF,0.3596
2026-01-30,AI_ETF,515980.SH,AI数字,4.5,RISK-ON,OFF,0.3596
2026-01-30,石油ETF,561360.SH,周期资源,4.5,RISK-ON,OFF,0.3596
2026-02-06,红利ETF,515080.SH,红利,8.64,RISK-ON,OFF,0.3458
2026-02-06,石油ETF,561360.SH,周期资源,8.64,RISK-ON,OFF,0.3458
2026-02-06,建材ETF,516750.SH,地产链,8.64,RISK-ON,OFF,0.3458
2026-02-06,电网设备ETF,159326.SZ,新能源,4.32,RISK-ON,OFF,0.3458
2026-02-06,光伏ETF,159857.SZ,新能源,4.32,RISK-ON,OFF,0.3458
2026-02-13,红利ETF,515080.SH,红利,8.85,RISK-ON,OFF,0.3539
2026-02-13,石油ETF,561360.SH,周期资源,8.85,RISK-ON,OFF,0.3539
2026-02-13,建材ETF,516750.SH,地产链,8.85,RISK-ON,OFF,0.3539
2026-02-13,电网设备ETF,159326.SZ,新能源,4.42,RISK-ON,OFF,0.3539
2026-02-13,煤炭ETF,515220.SH,周期资源,4.42,RISK-ON,OFF,0.3539
2026-02-27,石油ETF,561360.SH,周期资源,9.88,RISK-ON,OFF,0.3952
2026-02-27,畜牧ETF,159867.SZ,农业,4.94,RISK-ON,OFF,0.3952
2026-02-27,稀土ETF,159713.SZ,周期资源,4.94,RISK-ON,OFF,0.3952
2026-02-27,红利ETF,515080.SH,红利,4.94,RISK-ON,OFF,0.3952
2026-02-27,钢铁ETF,515210.SH,周期资源,4.94,RISK-ON,OFF,0.3952
2026-02-27,煤炭ETF,515220.SH,周期资源,4.94,RISK-ON,OFF,0.3952
2026-02-27,通信ETF,515880.SH,通信光模块,4.94,RISK-ON,OFF,0.3952
2026-03-06,石油ETF,561360.SH,周期资源,11.15,RISK-ON,OFF,0.4459
2026-03-06,稀土ETF,159713.SZ,周期资源,5.57,RISK-ON,OFF,0.4459
2026-03-06,电网设备ETF,159326.SZ,新能源,5.57,RISK-ON,OFF,0.4459
2026-03-06,光伏ETF,159857.SZ,新能源,5.57,RISK-ON,OFF,0.4459
2026-03-06,军工ETF,512660.SH,高端制造,5.57,RISK-ON,OFF,0.4459
2026-03-06,红利ETF,515080.SH,红利,5.57,RISK-ON,OFF,0.4459
2026-03-06,钢铁ETF,515210.SH,周期资源,5.57,RISK-ON,OFF,0.4459
2026-03-13,畜牧ETF,159867.SZ,农业,11.19,RISK-ON,OFF,0.4476
2026-03-13,煤炭ETF,515220.SH,周期资源,11.19,RISK-ON,OFF,0.4476
2026-03-13,电网设备ETF,159326.SZ,新能源,5.6,RISK-ON,OFF,0.4476
2026-03-13,红利ETF,515080.SH,红利,5.6,RISK-ON,OFF,0.4476
2026-03-13,钢铁ETF,515210.SH,周期资源,5.6,RISK-ON,OFF,0.4476
2026-03-13,通信ETF,515880.SH,通信光模块,5.6,RISK-ON,OFF,0.4476
2026-03-20,光伏ETF,159857.SZ,新能源,11.1,RISK-ON,OFF,0.444
2026-03-20,畜牧ETF,159867.SZ,农业,11.1,RISK-ON,OFF,0.444
2026-03-20,红利ETF,515080.SH,红利,11.1,RISK-ON,OFF,0.444
2026-03-20,煤炭ETF,515220.SH,周期资源,5.55,RISK-ON,OFF,0.444
2026-03-20,通信ETF,515880.SH,通信光模块,5.55,RISK-ON,OFF,0.444
2026-03-27,电池ETF,159755.SZ,新能源,11.11,RISK-ON,OFF,0.4443
2026-03-27,光伏ETF,159857.SZ,新能源,5.55,RISK-ON,OFF,0.4443
2026-03-27,创新药ETF,159992.SZ,医疗,5.55,RISK-ON,OFF,0.4443
2026-03-27,银行ETF,512800.SH,大金融,5.55,RISK-ON,OFF,0.4443
2026-03-27,新能源车ETF,515030.SH,新能源,5.55,RISK-ON,OFF,0.4443
2026-03-27,红利ETF,515080.SH,红利,5.55,RISK-ON,OFF,0.4443
2026-03-27,通信ETF,515880.SH,通信光模块,5.55,RISK-ON,OFF,0.4443
2026-04-03,创新药ETF,159992.SZ,医疗,11.2,RISK-ON,OFF,0.4479
2026-04-03,医疗器械ETF,159883.SZ,医疗,5.6,RISK-ON,OFF,0.4479
2026-04-03,非银ETF,159892.SZ,大金融,5.6,RISK-ON,OFF,0.4479
2026-04-03,新能源车ETF,515030.SH,新能源,5.6,RISK-ON,OFF,0.4479
2026-04-03,红利ETF,515080.SH,红利,5.6,RISK-ON,OFF,0.4479
2026-04-03,食品ETF,515170.SH,大消费,5.6,RISK-ON,OFF,0.4479
2026-04-03,通信ETF,515880.SH,通信光模块,5.6,RISK-ON,OFF,0.4479
2026-04-10,科创芯片ETF,589100.SH,半导体芯片,11.33,RISK-ON,OFF,0.4532
2026-04-10,创新药ETF,159992.SZ,医疗,11.33,RISK-ON,OFF,0.4532
2026-04-10,非银ETF,159892.SZ,大金融,5.66,RISK-ON,OFF,0.4532
2026-04-10,消费电子ETF,159779.SZ,AI数字,5.66,RISK-ON,OFF,0.4532
2026-04-10,通信ETF,515880.SH,通信光模块,5.66,RISK-ON,OFF,0.4532
2026-04-10,AI_ETF,515980.SH,AI数字,5.66,RISK-ON,OFF,0.4532
2026-04-17,科创芯片ETF,589100.SH,半导体芯片,11.18,RISK-ON,OFF,0.4472
2026-04-17,AI_ETF,515980.SH,AI数字,11.18,RISK-ON,OFF,0.4472
2026-04-17,新能源车ETF,515030.SH,新能源,5.59,RISK-ON,OFF,0.4472
2026-04-17,消费电子ETF,159779.SZ,AI数字,5.59,RISK-ON,OFF,0.4472
2026-04-17,通信ETF,515880.SH,通信光模块,5.59,RISK-ON,OFF,0.4472
2026-04-17,机器人ETF,562500.SH,高端制造,5.59,RISK-ON,OFF,0.4472
2026-04-23,消费电子ETF,159779.SZ,AI数字,11.43,RISK-ON,ON,0.4571
2026-04-23,科创芯片ETF,589100.SH,半导体芯片,11.43,RISK-ON,ON,0.4571
2026-04-23,云计算ETF,159890.SZ,AI数字,5.71,RISK-ON,ON,0.4571
2026-04-23,军工ETF,512660.SH,高端制造,5.71,RISK-ON,ON,0.4571
2026-04-23,通信ETF,515880.SH,通信光模块,5.71,RISK-ON,ON,0.4571
2026-04-23,AI_ETF,515980.SH,AI数字,5.71,RISK-ON,ON,0.4571
