trade_week,ETF名称,ts_code,板块,权重(%),Gate,Regime_accel,scale
2019/3/29,黄金ETF,159934.SZ,周期资源,100,RISK-OFF,OFF,1
2019/4/4,黄金ETF,159934.SZ,周期资源,100,RISK-OFF,OFF,1
2019/4/12,黄金ETF,159934.SZ,周期资源,100,RISK-OFF,OFF,1
2019/4/19,黄金ETF,159934.SZ,周期资源,100,RISK-OFF,OFF,1
2019/4/26,黄金ETF,159934.SZ,周期资源,100,RISK-OFF,OFF,1
2019/4/30,黄金ETF,159934.SZ,周期资源,100,RISK-OFF,OFF,1
2019/5/10,黄金ETF,159934.SZ,周期资源,100,RISK-OFF,OFF,1
2019/5/17,黄金ETF,159934.SZ,周期资源,100,RISK-OFF,OFF,1
2019/5/24,黄金ETF,159934.SZ,周期资源,100,RISK-OFF,OFF,1
2019/5/31,黄金ETF,159934.SZ,周期资源,100,RISK-OFF,OFF,1
2019/6/6,黄金ETF,159934.SZ,周期资源,100,RISK-OFF,OFF,1
2019/6/14,黄金ETF,159934.SZ,周期资源,100,RISK-OFF,OFF,1
2019/6/21,黄金ETF,159934.SZ,周期资源,100,RISK-OFF,OFF,1
2019/6/28,黄金ETF,159934.SZ,周期资源,16.67,RISK-ON,OFF,1
2019/6/28,医药ETF,512010.SH,大消费,16.67,RISK-ON,OFF,1
2019/6/28,证券ETF,512880.SH,大金融,16.67,RISK-ON,OFF,1
2019/7/5,医药ETF,512010.SH,大消费,16.67,RISK-ON,ON,1
2019/7/5,军工ETF,512660.SH,高端制造,16.67,RISK-ON,ON,1
2019/7/5,证券ETF,512880.SH,大金融,16.67,RISK-ON,ON,1
2019/7/12,医药ETF,512010.SH,大消费,16.67,RISK-ON,ON,1
2019/7/12,军工ETF,512660.SH,高端制造,16.67,RISK-ON,ON,1
2019/7/12,证券ETF,512880.SH,大金融,16.67,RISK-ON,ON,1
2019/7/19,黄金ETF,159934.SZ,周期资源,16.67,RISK-ON,ON,1
2019/7/19,房地产ETF,512200.SH,地产链,16.67,RISK-ON,ON,1
2019/7/19,军工ETF,512660.SH,高端制造,16.67,RISK-ON,ON,1
2019/7/26,医药ETF,512010.SH,大消费,16.67,RISK-ON,ON,1
2019/7/26,房地产ETF,512200.SH,地产链,16.67,RISK-ON,ON,1
2019/7/26,军工ETF,512660.SH,高端制造,16.67,RISK-ON,ON,1
2019/8/2,黄金ETF,159934.SZ,周期资源,50,RISK-ON,ON,1
2019/8/9,黄金ETF,159934.SZ,周期资源,62.5,RISK-ON,ON,1
2019/8/9,医药ETF,512010.SH,大消费,12.5,RISK-ON,ON,1
2019/8/9,军工ETF,512660.SH,高端制造,12.5,RISK-ON,ON,1
2019/8/9,银行ETF,512800.SH,大金融,12.5,RISK-ON,ON,1
2019/8/16,医药ETF,512010.SH,大消费,37.5,RISK-ON,ON,1
2019/8/16,黄金ETF,159934.SZ,周期资源,25,RISK-ON,ON,1
2019/8/16,军工ETF,512660.SH,高端制造,12.5,RISK-ON,ON,1
2019/8/16,酒ETF,512690.SH,大消费,12.5,RISK-ON,ON,1
2019/8/16,银行ETF,512800.SH,大金融,12.5,RISK-ON,ON,1
2019/8/23,黄金ETF,159934.SZ,周期资源,37.5,RISK-ON,ON,1
2019/8/23,医药ETF,512010.SH,大消费,37.5,RISK-ON,ON,1
2019/8/23,军工ETF,512660.SH,高端制造,12.5,RISK-ON,ON,1
2019/8/23,酒ETF,512690.SH,大消费,12.5,RISK-ON,ON,1
2019/8/30,酒ETF,512690.SH,大消费,29.17,RISK-ON,OFF,1
2019/8/30,军工ETF,512660.SH,高端制造,29.17,RISK-ON,OFF,1
2019/8/30,黄金ETF,159934.SZ,周期资源,16.67,RISK-ON,OFF,1
2019/8/30,房地产ETF,512200.SH,地产链,12.5,RISK-ON,OFF,1
2019/8/30,医药ETF,512010.SH,大消费,12.5,RISK-ON,OFF,1
2019/9/6,半导体ETF,512480.SH,科技成长,29.17,RISK-ON,OFF,1
2019/9/6,军工ETF,512660.SH,高端制造,29.17,RISK-ON,OFF,1
2019/9/6,酒ETF,512690.SH,大消费,29.17,RISK-ON,OFF,1
2019/9/6,医药ETF,512010.SH,大消费,12.5,RISK-ON,OFF,1
2019/9/12,房地产ETF,512200.SH,地产链,29.17,RISK-ON,OFF,1
2019/9/12,半导体ETF,512480.SH,科技成长,29.17,RISK-ON,OFF,1
2019/9/12,军工ETF,512660.SH,高端制造,29.17,RISK-ON,OFF,1
2019/9/12,医药ETF,512010.SH,大消费,12.5,RISK-ON,OFF,1
2019/9/20,房地产ETF,512200.SH,地产链,29.17,RISK-ON,OFF,1
2019/9/20,半导体ETF,512480.SH,科技成长,29.17,RISK-ON,OFF,1
2019/9/20,军工ETF,512660.SH,高端制造,16.67,RISK-ON,OFF,1
2019/9/20,医药ETF,512010.SH,大消费,12.5,RISK-ON,OFF,1
2019/9/20,酒ETF,512690.SH,大消费,12.5,RISK-ON,OFF,1
2019/9/27,房地产ETF,512200.SH,地产链,29.17,RISK-ON,OFF,1
2019/9/27,半导体ETF,512480.SH,科技成长,29.17,RISK-ON,OFF,1
2019/9/27,证券ETF,512880.SH,大金融,16.67,RISK-ON,OFF,1
2019/9/27,医药ETF,512010.SH,大消费,12.5,RISK-ON,OFF,1
2019/9/27,银行ETF,512800.SH,大金融,12.5,RISK-ON,OFF,1
2019/9/30,房地产ETF,512200.SH,地产链,12.5,RISK-ON,OFF,1
2019/9/30,半导体ETF,512480.SH,科技成长,12.5,RISK-ON,OFF,1
2019/9/30,酒ETF,512690.SH,大消费,12.5,RISK-ON,OFF,1
2019/9/30,银行ETF,512800.SH,大金融,12.5,RISK-ON,OFF,1
2019/10/11,酒ETF,512690.SH,大消费,37.5,RISK-ON,OFF,1
2019/10/11,黄金ETF,159934.SZ,周期资源,25,RISK-ON,OFF,1
2019/10/11,医药ETF,512010.SH,大消费,12.5,RISK-ON,OFF,1
2019/10/11,房地产ETF,512200.SH,地产链,12.5,RISK-ON,OFF,1
2019/10/11,银行ETF,512800.SH,大金融,12.5,RISK-ON,OFF,1
2019/10/18,医药ETF,512010.SH,大消费,12.5,RISK-ON,OFF,1
2019/10/18,房地产ETF,512200.SH,地产链,12.5,RISK-ON,OFF,1
2019/10/18,酒ETF,512690.SH,大消费,12.5,RISK-ON,OFF,1
2019/10/18,银行ETF,512800.SH,大金融,12.5,RISK-ON,OFF,1
2019/10/25,医药ETF,512010.SH,大消费,29.17,RISK-ON,OFF,1
2019/10/25,房地产ETF,512200.SH,地产链,29.17,RISK-ON,OFF,1
2019/10/25,银行ETF,512800.SH,大金融,29.17,RISK-ON,OFF,1
2019/10/25,酒ETF,512690.SH,大消费,12.5,RISK-ON,OFF,1
2019/11/1,医药ETF,512010.SH,大消费,29.17,RISK-ON,OFF,1
2019/11/1,房地产ETF,512200.SH,地产链,29.17,RISK-ON,OFF,1
2019/11/1,银行ETF,512800.SH,大金融,29.17,RISK-ON,OFF,1
2019/11/1,酒ETF,512690.SH,大消费,12.5,RISK-ON,OFF,1
2019/11/8,医药ETF,512010.SH,大消费,37.5,RISK-ON,OFF,1
2019/11/8,半导体ETF,512480.SH,科技成长,37.5,RISK-ON,OFF,1
2019/11/8,酒ETF,512690.SH,大消费,12.5,RISK-ON,OFF,1
2019/11/8,银行ETF,512800.SH,大金融,12.5,RISK-ON,OFF,1
2019/11/15,医药ETF,512010.SH,大消费,37.5,RISK-ON,OFF,1
2019/11/15,半导体ETF,512480.SH,科技成长,37.5,RISK-ON,OFF,1
2019/11/15,酒ETF,512690.SH,大消费,12.5,RISK-ON,OFF,1
2019/11/15,银行ETF,512800.SH,大金融,12.5,RISK-ON,OFF,1
2019/11/22,半导体ETF,512480.SH,科技成长,36.77,RISK-ON,OFF,0.9806
2019/11/22,酒ETF,512690.SH,大消费,36.77,RISK-ON,OFF,0.9806
2019/11/22,医药ETF,512010.SH,大消费,12.26,RISK-ON,OFF,0.9806
2019/11/22,军工ETF,512660.SH,高端制造,12.26,RISK-ON,OFF,0.9806
2019/11/29,半导体ETF,512480.SH,科技成长,60.72,RISK-ON,OFF,0.9716
2019/11/29,军工ETF,512660.SH,高端制造,12.14,RISK-ON,OFF,0.9716
2019/11/29,酒ETF,512690.SH,大消费,12.14,RISK-ON,OFF,0.9716
2019/11/29,通信ETF,515880.SH,科技成长,12.14,RISK-ON,OFF,0.9716
2019/12/6,半导体ETF,512480.SH,科技成长,23.34,RISK-ON,OFF,0.8001
2019/12/6,军工ETF,512660.SH,高端制造,23.34,RISK-ON,OFF,0.8001
2019/12/6,黄金ETF,159934.SZ,周期资源,13.34,RISK-ON,OFF,0.8001
2019/12/6,房地产ETF,512200.SH,地产链,10,RISK-ON,OFF,0.8001
2019/12/6,酒ETF,512690.SH,大消费,10,RISK-ON,OFF,0.8001
2019/12/13,房地产ETF,512200.SH,地产链,23.26,RISK-ON,OFF,0.7976
2019/12/13,半导体ETF,512480.SH,科技成长,23.26,RISK-ON,OFF,0.7976
2019/12/13,军工ETF,512660.SH,高端制造,23.26,RISK-ON,OFF,0.7976
2019/12/13,通信ETF,515880.SH,科技成长,9.97,RISK-ON,OFF,0.7976
2019/12/20,房地产ETF,512200.SH,地产链,23.5,RISK-ON,OFF,0.8057
2019/12/20,半导体ETF,512480.SH,科技成长,23.5,RISK-ON,OFF,0.8057
2019/12/20,证券ETF,512880.SH,大金融,13.43,RISK-ON,OFF,0.8057
2019/12/20,军工ETF,512660.SH,高端制造,10.07,RISK-ON,OFF,0.8057
2019/12/20,通信ETF,515880.SH,科技成长,10.07,RISK-ON,OFF,0.8057
2019/12/27,房地产ETF,512200.SH,地产链,23.39,RISK-ON,OFF,0.8019
2019/12/27,半导体ETF,512480.SH,科技成长,23.39,RISK-ON,OFF,0.8019
2019/12/27,证券ETF,512880.SH,大金融,13.36,RISK-ON,OFF,0.8019
2019/12/27,银行ETF,512800.SH,大金融,10.02,RISK-ON,OFF,0.8019
2019/12/27,通信ETF,515880.SH,科技成长,10.02,RISK-ON,OFF,0.8019
2020/1/3,房地产ETF,512200.SH,地产链,22.42,RISK-ON,OFF,0.7686
2020/1/3,半导体ETF,512480.SH,科技成长,22.42,RISK-ON,OFF,0.7686
2020/1/3,证券ETF,512880.SH,大金融,12.81,RISK-ON,OFF,0.7686
2020/1/3,银行ETF,512800.SH,大金融,9.61,RISK-ON,OFF,0.7686
2020/1/3,通信ETF,515880.SH,科技成长,9.61,RISK-ON,OFF,0.7686
2020/1/10,半导体ETF,512480.SH,科技成长,22.74,RISK-ON,OFF,0.7796
2020/1/10,军工ETF,512660.SH,高端制造,22.74,RISK-ON,OFF,0.7796
2020/1/10,证券ETF,512880.SH,大金融,12.99,RISK-ON,OFF,0.7796
2020/1/10,酒ETF,512690.SH,大消费,9.75,RISK-ON,OFF,0.7796
2020/1/10,通信ETF,515880.SH,科技成长,9.75,RISK-ON,OFF,0.7796
2020/1/17,半导体ETF,512480.SH,科技成长,22.63,RISK-ON,OFF,0.776
2020/1/17,酒ETF,512690.SH,大消费,22.63,RISK-ON,OFF,0.776
2020/1/17,军工ETF,512660.SH,高端制造,12.93,RISK-ON,OFF,0.776
2020/1/17,医药ETF,512010.SH,大消费,9.7,RISK-ON,OFF,0.776
2020/1/17,通信ETF,515880.SH,科技成长,9.7,RISK-ON,OFF,0.776
2020/1/23,医药ETF,512010.SH,大消费,22.69,RISK-ON,OFF,0.7781
2020/1/23,半导体ETF,512480.SH,科技成长,22.69,RISK-ON,OFF,0.7781
2020/1/23,军工ETF,512660.SH,高端制造,22.69,RISK-ON,OFF,0.7781
2020/1/23,通信ETF,515880.SH,科技成长,9.73,RISK-ON,OFF,0.7781
2020/2/7,半导体ETF,512480.SH,科技成长,23.41,RISK-ON,OFF,0.8025
2020/2/7,军工ETF,512660.SH,高端制造,23.41,RISK-ON,OFF,0.8025
2020/2/7,黄金ETF,159934.SZ,周期资源,13.37,RISK-ON,OFF,0.8025
2020/2/7,医药ETF,512010.SH,大消费,10.03,RISK-ON,OFF,0.8025
2020/2/7,通信ETF,515880.SH,科技成长,10.03,RISK-ON,OFF,0.8025
2020/2/14,半导体ETF,512480.SH,科技成长,23.75,RISK-ON,OFF,0.8144
2020/2/14,军工ETF,512660.SH,高端制造,23.75,RISK-ON,OFF,0.8144
2020/2/14,黄金ETF,159934.SZ,周期资源,13.57,RISK-ON,OFF,0.8144
2020/2/14,医药ETF,512010.SH,大消费,10.18,RISK-ON,OFF,0.8144
2020/2/14,通信ETF,515880.SH,科技成长,10.18,RISK-ON,OFF,0.8144
2020/2/21,半导体ETF,512480.SH,科技成长,17.41,RISK-ON,OFF,0.597
2020/2/21,军工ETF,512660.SH,高端制造,17.41,RISK-ON,OFF,0.597
2020/2/21,黄金ETF,159934.SZ,周期资源,9.95,RISK-ON,OFF,0.597
2020/2/21,医药ETF,512010.SH,大消费,7.46,RISK-ON,OFF,0.597
2020/2/21,通信ETF,515880.SH,科技成长,7.46,RISK-ON,OFF,0.597
2020/2/28,黄金ETF,159934.SZ,周期资源,15.41,RISK-ON,OFF,0.5283
2020/2/28,半导体ETF,512480.SH,科技成长,15.41,RISK-ON,OFF,0.5283
2020/2/28,军工ETF,512660.SH,高端制造,15.41,RISK-ON,OFF,0.5283
2020/2/28,通信ETF,515880.SH,科技成长,6.6,RISK-ON,OFF,0.5283
2020/3/6,房地产ETF,512200.SH,地产链,15.46,RISK-ON,OFF,0.5302
2020/3/6,军工ETF,512660.SH,高端制造,15.46,RISK-ON,OFF,0.5302
2020/3/6,通信ETF,515880.SH,科技成长,15.46,RISK-ON,OFF,0.5302
2020/3/6,酒ETF,512690.SH,大消费,6.63,RISK-ON,OFF,0.5302
2020/3/13,军工ETF,512660.SH,高端制造,15.2,RISK-ON,OFF,0.5211
2020/3/13,通信ETF,515880.SH,科技成长,15.2,RISK-ON,OFF,0.5211
2020/3/13,证券ETF,512880.SH,大金融,8.68,RISK-ON,OFF,0.5211
2020/3/13,房地产ETF,512200.SH,地产链,6.51,RISK-ON,OFF,0.5211
2020/3/13,酒ETF,512690.SH,大消费,6.51,RISK-ON,OFF,0.5211
2020/3/20,黄金ETF,159934.SZ,周期资源,47.09,RISK-OFF,OFF,0.4709
2020/3/27,黄金ETF,159934.SZ,周期资源,43.63,RISK-OFF,OFF,0.4363
2020/4/3,黄金ETF,159934.SZ,周期资源,44.83,RISK-OFF,OFF,0.4483
2020/4/10,黄金ETF,159934.SZ,周期资源,44.98,RISK-OFF,OFF,0.4498
2020/4/17,医药ETF,512010.SH,大消费,13.09,RISK-ON,OFF,0.4489
2020/4/17,房地产ETF,512200.SH,地产链,13.09,RISK-ON,OFF,0.4489
2020/4/17,黄金ETF,159934.SZ,周期资源,7.48,RISK-ON,OFF,0.4489
2020/4/17,有色ETF,159980.SZ,周期资源,5.61,RISK-ON,OFF,0.4489
2020/4/17,酒ETF,512690.SH,大消费,5.61,RISK-ON,OFF,0.4489
2020/4/24,有色ETF,159980.SZ,周期资源,13.16,RISK-ON,OFF,0.4511
2020/4/24,军工ETF,512660.SH,高端制造,13.16,RISK-ON,OFF,0.4511
2020/4/24,酒ETF,512690.SH,大消费,13.16,RISK-ON,OFF,0.4511
2020/4/24,医药ETF,512010.SH,大消费,5.64,RISK-ON,OFF,0.4511
2020/4/30,有色ETF,159980.SZ,周期资源,13.17,RISK-ON,ON,0.4514
2020/4/30,军工ETF,512660.SH,高端制造,13.17,RISK-ON,ON,0.4514
2020/4/30,酒ETF,512690.SH,大消费,13.17,RISK-ON,ON,0.4514
2020/4/30,医药ETF,512010.SH,大消费,5.64,RISK-ON,ON,0.4514
2020/5/8,半导体ETF,512480.SH,科技成长,13.13,RISK-ON,ON,0.4502
2020/5/8,军工ETF,512660.SH,高端制造,13.13,RISK-ON,ON,0.4502
2020/5/8,酒ETF,512690.SH,大消费,13.13,RISK-ON,ON,0.4502
2020/5/8,AI_ETF,515980.SH,科技成长,5.63,RISK-ON,ON,0.4502
2020/5/15,半导体ETF,512480.SH,科技成长,13.11,RISK-ON,ON,0.4496
2020/5/15,军工ETF,512660.SH,高端制造,13.11,RISK-ON,ON,0.4496
2020/5/15,酒ETF,512690.SH,大消费,13.11,RISK-ON,ON,0.4496
2020/5/15,AI_ETF,515980.SH,科技成长,5.62,RISK-ON,ON,0.4496
2020/5/22,有色ETF,159980.SZ,周期资源,12.72,RISK-ON,ON,0.436
2020/5/22,半导体ETF,512480.SH,科技成长,12.72,RISK-ON,ON,0.436
2020/5/22,酒ETF,512690.SH,大消费,12.72,RISK-ON,ON,0.436
2020/5/22,医药ETF,512010.SH,大消费,5.45,RISK-ON,ON,0.436
2020/5/29,酒ETF,512690.SH,大消费,12.89,RISK-ON,ON,0.4418
2020/5/29,黄金ETF,159934.SZ,周期资源,7.36,RISK-ON,ON,0.4418
2020/5/29,新能源车ETF,515030.SH,新能源,7.36,RISK-ON,ON,0.4418
2020/5/29,有色ETF,159980.SZ,周期资源,5.52,RISK-ON,ON,0.4418
2020/5/29,医药ETF,512010.SH,大消费,5.52,RISK-ON,ON,0.4418
2020/5/29,钢铁ETF,515210.SH,周期资源,5.52,RISK-ON,ON,0.4418
2020/6/5,有色ETF,159980.SZ,周期资源,12.9,RISK-ON,ON,0.4423
2020/6/5,酒ETF,512690.SH,大消费,12.9,RISK-ON,ON,0.4423
2020/6/5,新能源车ETF,515030.SH,新能源,7.37,RISK-ON,ON,0.4423
2020/6/5,医药ETF,512010.SH,大消费,5.53,RISK-ON,ON,0.4423
2020/6/5,煤炭ETF,515220.SH,周期资源,5.53,RISK-ON,ON,0.4423
2020/6/12,有色ETF,159980.SZ,周期资源,13.54,RISK-ON,ON,0.4641
2020/6/12,酒ETF,512690.SH,大消费,13.54,RISK-ON,ON,0.4641
2020/6/12,新能源车ETF,515030.SH,新能源,7.74,RISK-ON,ON,0.4641
2020/6/12,医药ETF,512010.SH,大消费,5.8,RISK-ON,ON,0.4641
2020/6/12,钢铁ETF,515210.SH,周期资源,5.8,RISK-ON,ON,0.4641
2020/6/19,医药ETF,512010.SH,大消费,13.46,RISK-ON,ON,0.4614
2020/6/19,新能源车ETF,515030.SH,新能源,13.46,RISK-ON,ON,0.4614
2020/6/19,房地产ETF,512200.SH,地产链,7.69,RISK-ON,ON,0.4614
2020/6/19,酒ETF,512690.SH,大消费,5.77,RISK-ON,ON,0.4614
2020/6/19,钢铁ETF,515210.SH,周期资源,5.77,RISK-ON,ON,0.4614
2020/6/24,医药ETF,512010.SH,大消费,13.45,RISK-ON,ON,0.4613
2020/6/24,半导体ETF,512480.SH,科技成长,13.45,RISK-ON,ON,0.4613
2020/6/24,新能源车ETF,515030.SH,新能源,7.69,RISK-ON,ON,0.4613
2020/6/24,通信ETF,515880.SH,科技成长,5.77,RISK-ON,ON,0.4613
2020/6/24,AI_ETF,515980.SH,科技成长,5.77,RISK-ON,ON,0.4613
2020/7/3,房地产ETF,512200.SH,地产链,13.47,RISK-ON,ON,0.4619
2020/7/3,酒ETF,512690.SH,大消费,7.7,RISK-ON,ON,0.4619
2020/7/3,证券ETF,512880.SH,大金融,7.7,RISK-ON,ON,0.4619
2020/7/3,创新药ETF,159992.SZ,大消费,5.77,RISK-ON,ON,0.4619
2020/7/3,医药ETF,512010.SH,大消费,5.77,RISK-ON,ON,0.4619
2020/7/3,煤炭ETF,515220.SH,周期资源,5.77,RISK-ON,ON,0.4619
2020/7/10,半导体ETF,512480.SH,科技成长,12.84,RISK-ON,OFF,0.4402
2020/7/10,军工ETF,512660.SH,高端制造,7.34,RISK-ON,OFF,0.4402
2020/7/10,证券ETF,512880.SH,大金融,7.34,RISK-ON,OFF,0.4402
2020/7/10,创新药ETF,159992.SZ,大消费,5.5,RISK-ON,OFF,0.4402
2020/7/10,酒ETF,512690.SH,大消费,5.5,RISK-ON,OFF,0.4402
2020/7/10,煤炭ETF,515220.SH,周期资源,5.5,RISK-ON,OFF,0.4402
2020/7/17,军工ETF,512660.SH,高端制造,11.93,RISK-ON,OFF,0.4092
2020/7/17,酒ETF,512690.SH,大消费,11.93,RISK-ON,OFF,0.4092
2020/7/17,证券ETF,512880.SH,大金融,6.82,RISK-ON,OFF,0.4092
2020/7/17,创新药ETF,159992.SZ,大消费,5.11,RISK-ON,OFF,0.4092
2020/7/17,红利ETF,515080.SH,红利,5.11,RISK-ON,OFF,0.4092
2020/7/24,创新药ETF,159992.SZ,大消费,11.94,RISK-ON,OFF,0.4094
2020/7/24,军工ETF,512660.SH,高端制造,11.94,RISK-ON,OFF,0.4094
2020/7/24,红利ETF,515080.SH,红利,11.94,RISK-ON,OFF,0.4094
2020/7/24,酒ETF,512690.SH,大消费,5.12,RISK-ON,OFF,0.4094
2020/7/31,创新药ETF,159992.SZ,大消费,11.79,RISK-ON,OFF,0.4043
2020/7/31,军工ETF,512660.SH,高端制造,11.79,RISK-ON,OFF,0.4043
2020/7/31,红利ETF,515080.SH,红利,11.79,RISK-ON,OFF,0.4043
2020/7/31,医药ETF,512010.SH,大消费,5.05,RISK-ON,OFF,0.4043
2020/8/7,创新药ETF,159992.SZ,大消费,11.65,RISK-ON,OFF,0.3994
2020/8/7,红利ETF,515080.SH,红利,11.65,RISK-ON,OFF,0.3994
2020/8/7,军工ETF,512660.SH,高端制造,6.66,RISK-ON,OFF,0.3994
2020/8/7,有色ETF,159980.SZ,周期资源,4.99,RISK-ON,OFF,0.3994
2020/8/7,医药ETF,512010.SH,大消费,4.99,RISK-ON,OFF,0.3994
2020/8/14,房地产ETF,512200.SH,地产链,11.43,RISK-ON,OFF,0.3918
2020/8/14,军工ETF,512660.SH,高端制造,11.43,RISK-ON,OFF,0.3918
2020/8/14,红利ETF,515080.SH,红利,11.43,RISK-ON,OFF,0.3918
2020/8/14,钢铁ETF,515210.SH,周期资源,4.9,RISK-ON,OFF,0.3918
2020/8/21,红利ETF,515080.SH,红利,12.76,RISK-ON,OFF,0.4373
2020/8/21,军工ETF,512660.SH,高端制造,7.29,RISK-ON,OFF,0.4373
2020/8/21,证券ETF,512880.SH,大金融,7.29,RISK-ON,OFF,0.4373
2020/8/21,酒ETF,512690.SH,大消费,5.47,RISK-ON,OFF,0.4373
2020/8/21,钢铁ETF,515210.SH,周期资源,5.47,RISK-ON,OFF,0.4373
2020/8/21,AI_ETF,515980.SH,科技成长,5.47,RISK-ON,OFF,0.4373
2020/8/28,红利ETF,515080.SH,红利,13.83,RISK-ON,OFF,0.4743
2020/8/28,房地产ETF,512200.SH,地产链,7.91,RISK-ON,OFF,0.4743
2020/8/28,军工ETF,512660.SH,高端制造,7.91,RISK-ON,OFF,0.4743
2020/8/28,有色ETF,159980.SZ,周期资源,5.93,RISK-ON,OFF,0.4743
2020/8/28,酒ETF,512690.SH,大消费,5.93,RISK-ON,OFF,0.4743
2020/8/28,钢铁ETF,515210.SH,周期资源,5.93,RISK-ON,OFF,0.4743
2020/9/4,酒ETF,512690.SH,大消费,13.76,RISK-ON,OFF,0.4719
2020/9/4,红利ETF,515080.SH,红利,13.76,RISK-ON,OFF,0.4719
2020/9/4,房地产ETF,512200.SH,地产链,7.87,RISK-ON,OFF,0.4719
2020/9/4,有色ETF,159980.SZ,周期资源,5.9,RISK-ON,OFF,0.4719
2020/9/4,煤炭ETF,515220.SH,周期资源,5.9,RISK-ON,OFF,0.4719
2020/9/11,酒ETF,512690.SH,大消费,17.77,RISK-ON,OFF,0.4739
2020/9/11,煤炭ETF,515220.SH,周期资源,17.77,RISK-ON,OFF,0.4739
2020/9/11,有色ETF,159980.SZ,周期资源,5.92,RISK-ON,OFF,0.4739
2020/9/11,钢铁ETF,515210.SH,周期资源,5.92,RISK-ON,OFF,0.4739
2020/9/18,新能源车ETF,515030.SH,新能源,15.6,RISK-ON,OFF,0.5347
2020/9/18,红利ETF,515080.SH,红利,15.6,RISK-ON,OFF,0.5347
2020/9/18,煤炭ETF,515220.SH,周期资源,15.6,RISK-ON,OFF,0.5347
2020/9/18,酒ETF,512690.SH,大消费,6.68,RISK-ON,OFF,0.5347
2020/9/25,新能源车ETF,515030.SH,新能源,20.81,RISK-ON,OFF,0.555
2020/9/25,煤炭ETF,515220.SH,周期资源,20.81,RISK-ON,OFF,0.555
2020/9/25,红利ETF,515080.SH,红利,6.94,RISK-ON,OFF,0.555
2020/9/25,钢铁ETF,515210.SH,周期资源,6.94,RISK-ON,OFF,0.555
2020/9/30,新能源车ETF,515030.SH,新能源,20.96,RISK-ON,OFF,0.5588
2020/9/30,煤炭ETF,515220.SH,周期资源,20.96,RISK-ON,OFF,0.5588
2020/9/30,银行ETF,512800.SH,大金融,6.99,RISK-ON,OFF,0.5588
2020/9/30,钢铁ETF,515210.SH,周期资源,6.99,RISK-ON,OFF,0.5588
2020/10/9,军工ETF,512660.SH,高端制造,16.14,RISK-ON,OFF,0.5533
2020/10/9,新能源车ETF,515030.SH,新能源,16.14,RISK-ON,OFF,0.5533
2020/10/9,半导体ETF,512480.SH,科技成长,9.22,RISK-ON,OFF,0.5533
2020/10/9,医药ETF,512010.SH,大消费,6.92,RISK-ON,OFF,0.5533
2020/10/9,红利ETF,515080.SH,红利,6.92,RISK-ON,OFF,0.5533
2020/10/16,医药ETF,512010.SH,大消费,16.16,RISK-ON,OFF,0.554
2020/10/16,军工ETF,512660.SH,高端制造,9.23,RISK-ON,OFF,0.554
2020/10/16,新能源车ETF,515030.SH,新能源,9.23,RISK-ON,OFF,0.554
2020/10/16,创新药ETF,159992.SZ,大消费,6.92,RISK-ON,OFF,0.554
2020/10/16,酒ETF,512690.SH,大消费,6.92,RISK-ON,OFF,0.554
2020/10/16,煤炭ETF,515220.SH,周期资源,6.92,RISK-ON,OFF,0.554
2020/10/23,酒ETF,512690.SH,大消费,15.35,RISK-ON,OFF,0.5264
2020/10/23,银行ETF,512800.SH,大金融,15.35,RISK-ON,OFF,0.5264
2020/10/23,新能源车ETF,515030.SH,新能源,15.35,RISK-ON,OFF,0.5264
2020/10/23,有色ETF,159980.SZ,周期资源,6.58,RISK-ON,OFF,0.5264
2020/10/30,酒ETF,512690.SH,大消费,15.36,RISK-ON,OFF,0.5267
2020/10/30,新能源车ETF,515030.SH,新能源,15.36,RISK-ON,OFF,0.5267
2020/10/30,红利ETF,515080.SH,红利,15.36,RISK-ON,OFF,0.5267
2020/10/30,医药ETF,512010.SH,大消费,6.58,RISK-ON,OFF,0.5267
2020/11/6,酒ETF,512690.SH,大消费,14.83,RISK-ON,OFF,0.5086
2020/11/6,新能源车ETF,515030.SH,新能源,14.83,RISK-ON,OFF,0.5086
2020/11/6,红利ETF,515080.SH,红利,14.83,RISK-ON,OFF,0.5086
2020/11/6,钢铁ETF,515210.SH,周期资源,6.36,RISK-ON,OFF,0.5086
2020/11/13,新能源车ETF,515030.SH,新能源,14.88,RISK-ON,OFF,0.5103
2020/11/13,红利ETF,515080.SH,红利,14.88,RISK-ON,OFF,0.5103
2020/11/13,钢铁ETF,515210.SH,周期资源,14.88,RISK-ON,OFF,0.5103
2020/11/13,酒ETF,512690.SH,大消费,6.38,RISK-ON,OFF,0.5103
2020/11/20,红利ETF,515080.SH,红利,15.45,RISK-ON,OFF,0.5297
2020/11/20,钢铁ETF,515210.SH,周期资源,15.45,RISK-ON,OFF,0.5297
2020/11/20,新能源车ETF,515030.SH,新能源,8.83,RISK-ON,OFF,0.5297
2020/11/20,酒ETF,512690.SH,大消费,6.62,RISK-ON,OFF,0.5297
2020/11/20,煤炭ETF,515220.SH,周期资源,6.62,RISK-ON,OFF,0.5297
2020/11/27,红利ETF,515080.SH,红利,15.4,RISK-ON,OFF,0.528
2020/11/27,军工ETF,512660.SH,高端制造,8.8,RISK-ON,OFF,0.528
2020/11/27,新能源车ETF,515030.SH,新能源,8.8,RISK-ON,OFF,0.528
2020/11/27,有色ETF,159980.SZ,周期资源,6.6,RISK-ON,OFF,0.528
2020/11/27,钢铁ETF,515210.SH,周期资源,6.6,RISK-ON,OFF,0.528
2020/11/27,煤炭ETF,515220.SH,周期资源,6.6,RISK-ON,OFF,0.528
2020/12/4,红利ETF,515080.SH,红利,15.49,RISK-ON,ON,0.5311
2020/12/4,军工ETF,512660.SH,高端制造,8.85,RISK-ON,ON,0.5311
2020/12/4,银行ETF,512800.SH,大金融,8.85,RISK-ON,ON,0.5311
2020/12/4,有色ETF,159980.SZ,周期资源,6.64,RISK-ON,ON,0.5311
2020/12/4,酒ETF,512690.SH,大消费,6.64,RISK-ON,ON,0.5311
2020/12/4,煤炭ETF,515220.SH,周期资源,6.64,RISK-ON,ON,0.5311
2020/12/11,酒ETF,512690.SH,大消费,15.29,RISK-ON,ON,0.5242
2020/12/11,煤炭ETF,515220.SH,周期资源,15.29,RISK-ON,ON,0.5242
2020/12/11,军工ETF,512660.SH,高端制造,8.74,RISK-ON,ON,0.5242
2020/12/11,有色ETF,159980.SZ,周期资源,6.55,RISK-ON,ON,0.5242
2020/12/11,银行ETF,512800.SH,大金融,6.55,RISK-ON,ON,0.5242
2020/12/18,有色ETF,159980.SZ,周期资源,15.36,RISK-ON,ON,0.5267
2020/12/18,酒ETF,512690.SH,大消费,15.36,RISK-ON,ON,0.5267
2020/12/18,新能源车ETF,515030.SH,新能源,15.36,RISK-ON,ON,0.5267
2020/12/18,医药ETF,512010.SH,大消费,6.58,RISK-ON,ON,0.5267
2020/12/25,医药ETF,512010.SH,大消费,15.36,RISK-ON,ON,0.5265
2020/12/25,新能源车ETF,515030.SH,新能源,15.36,RISK-ON,ON,0.5265
2020/12/25,军工ETF,512660.SH,高端制造,8.77,RISK-ON,ON,0.5265
2020/12/25,创新药ETF,159992.SZ,大消费,6.58,RISK-ON,ON,0.5265
2020/12/25,酒ETF,512690.SH,大消费,6.58,RISK-ON,ON,0.5265
2020/12/31,新能源车ETF,515030.SH,新能源,15.37,RISK-ON,ON,0.5271
2020/12/31,酒ETF,512690.SH,大消费,15.37,RISK-ON,ON,0.5271
2020/12/31,军工ETF,512660.SH,高端制造,8.78,RISK-ON,ON,0.5271
2020/12/31,创新药ETF,159992.SZ,大消费,6.59,RISK-ON,ON,0.5271
2020/12/31,医药ETF,512010.SH,大消费,6.59,RISK-ON,ON,0.5271
2021/1/8,军工ETF,512660.SH,高端制造,15.64,RISK-ON,ON,0.5362
2021/1/8,酒ETF,512690.SH,大消费,15.64,RISK-ON,ON,0.5362
2021/1/8,新能源车ETF,515030.SH,新能源,15.64,RISK-ON,ON,0.5362
2021/1/8,医药ETF,512010.SH,大消费,6.7,RISK-ON,ON,0.5362
2021/1/15,军工ETF,512660.SH,高端制造,15.61,RISK-ON,ON,0.5351
2021/1/15,新能源车ETF,515030.SH,新能源,15.61,RISK-ON,ON,0.5351
2021/1/15,半导体ETF,512480.SH,科技成长,8.92,RISK-ON,ON,0.5351
2021/1/15,医药ETF,512010.SH,大消费,6.69,RISK-ON,ON,0.5351
2021/1/15,AI_ETF,515980.SH,科技成长,6.69,RISK-ON,ON,0.5351
2021/1/22,AI_ETF,515980.SH,科技成长,15.19,RISK-ON,ON,0.5209
2021/1/22,军工ETF,512660.SH,高端制造,8.68,RISK-ON,ON,0.5209
2021/1/22,新能源车ETF,515030.SH,新能源,8.68,RISK-ON,ON,0.5209
2021/1/22,创新药ETF,159992.SZ,大消费,6.51,RISK-ON,ON,0.5209
2021/1/22,医药ETF,512010.SH,大消费,6.51,RISK-ON,ON,0.5209
2021/1/22,通信ETF,515880.SH,科技成长,6.51,RISK-ON,ON,0.5209
2021/1/29,医药ETF,512010.SH,大消费,13.63,RISK-ON,OFF,0.4674
2021/1/29,银行ETF,512800.SH,大金融,13.63,RISK-ON,OFF,0.4674
2021/1/29,新能源车ETF,515030.SH,新能源,7.79,RISK-ON,OFF,0.4674
2021/1/29,有色ETF,159980.SZ,周期资源,5.84,RISK-ON,OFF,0.4674
2021/1/29,创新药ETF,159992.SZ,大消费,5.84,RISK-ON,OFF,0.4674
2021/2/5,创新药ETF,159992.SZ,大消费,17.55,RISK-ON,OFF,0.4681
2021/2/5,银行ETF,512800.SH,大金融,17.55,RISK-ON,OFF,0.4681
2021/2/5,有色ETF,159980.SZ,周期资源,5.85,RISK-ON,OFF,0.4681
2021/2/5,医药ETF,512010.SH,大消费,5.85,RISK-ON,OFF,0.4681
2021/2/10,有色ETF,159980.SZ,周期资源,13.75,RISK-ON,OFF,0.4715
2021/2/10,医药ETF,512010.SH,大消费,13.75,RISK-ON,OFF,0.4715
2021/2/10,新能源车ETF,515030.SH,新能源,7.86,RISK-ON,OFF,0.4715
2021/2/10,创新药ETF,159992.SZ,大消费,5.89,RISK-ON,OFF,0.4715
2021/2/10,酒ETF,512690.SH,大消费,5.89,RISK-ON,OFF,0.4715
2021/2/19,有色ETF,159980.SZ,周期资源,13.71,RISK-ON,OFF,0.4702
2021/2/19,红利ETF,515080.SH,红利,13.71,RISK-ON,OFF,0.4702
2021/2/19,酒ETF,512690.SH,大消费,7.84,RISK-ON,OFF,0.4702
2021/2/19,钢铁ETF,515210.SH,周期资源,5.88,RISK-ON,OFF,0.4702
2021/2/19,煤炭ETF,515220.SH,周期资源,5.88,RISK-ON,OFF,0.4702
2021/2/26,有色ETF,159980.SZ,周期资源,13.43,RISK-ON,OFF,0.4605
2021/2/26,房地产ETF,512200.SH,地产链,13.43,RISK-ON,OFF,0.4605
2021/2/26,红利ETF,515080.SH,红利,13.43,RISK-ON,OFF,0.4605
2021/2/26,钢铁ETF,515210.SH,周期资源,5.76,RISK-ON,OFF,0.4605
2021/3/5,红利ETF,515080.SH,红利,13.47,RISK-ON,OFF,0.4618
2021/3/5,钢铁ETF,515210.SH,周期资源,13.47,RISK-ON,OFF,0.4618
2021/3/5,房地产ETF,512200.SH,地产链,7.7,RISK-ON,OFF,0.4618
2021/3/5,有色ETF,159980.SZ,周期资源,5.77,RISK-ON,OFF,0.4618
2021/3/5,煤炭ETF,515220.SH,周期资源,5.77,RISK-ON,OFF,0.4618
2021/3/12,红利ETF,515080.SH,红利,13.55,RISK-ON,OFF,0.4646
2021/3/12,钢铁ETF,515210.SH,周期资源,13.55,RISK-ON,OFF,0.4646
2021/3/12,房地产ETF,512200.SH,地产链,7.74,RISK-ON,OFF,0.4646
2021/3/12,有色ETF,159980.SZ,周期资源,5.81,RISK-ON,OFF,0.4646
2021/3/12,煤炭ETF,515220.SH,周期资源,5.81,RISK-ON,OFF,0.4646
2021/3/19,房地产ETF,512200.SH,地产链,13.51,RISK-ON,OFF,0.4632
2021/3/19,红利ETF,515080.SH,红利,13.51,RISK-ON,OFF,0.4632
2021/3/19,钢铁ETF,515210.SH,周期资源,13.51,RISK-ON,OFF,0.4632
2021/3/19,煤炭ETF,515220.SH,周期资源,5.79,RISK-ON,OFF,0.4632
2021/3/25,红利ETF,515080.SH,红利,12.04,RISK-ON,OFF,0.4818
2021/3/25,钢铁ETF,515210.SH,周期资源,12.04,RISK-ON,OFF,0.4818
2021/3/26,红利ETF,515080.SH,红利,17.94,RISK-ON,OFF,0.4784
2021/3/26,黄金ETF,159934.SZ,周期资源,11.96,RISK-ON,OFF,0.4784
2021/3/26,有色ETF,159980.SZ,周期资源,5.98,RISK-ON,OFF,0.4784
2021/3/26,创新药ETF,159992.SZ,大消费,5.98,RISK-ON,OFF,0.4784
2021/3/26,煤炭ETF,515220.SH,周期资源,5.98,RISK-ON,OFF,0.4784
2021/4/2,半导体ETF,512480.SH,科技成长,14.16,RISK-ON,OFF,0.4855
2021/4/2,酒ETF,512690.SH,大消费,14.16,RISK-ON,OFF,0.4855
2021/4/2,军工ETF,512660.SH,高端制造,8.09,RISK-ON,OFF,0.4855
2021/4/2,创新药ETF,159992.SZ,大消费,6.07,RISK-ON,OFF,0.4855
2021/4/2,医药ETF,512010.SH,大消费,6.07,RISK-ON,OFF,0.4855
2021/4/9,医药ETF,512010.SH,大消费,14,RISK-ON,ON,0.4799
2021/4/9,半导体ETF,512480.SH,科技成长,14,RISK-ON,ON,0.4799
2021/4/9,钢铁ETF,515210.SH,周期资源,14,RISK-ON,ON,0.4799
2021/4/9,AI_ETF,515980.SH,科技成长,6,RISK-ON,ON,0.4799
2021/4/16,半导体ETF,512480.SH,科技成长,14.42,RISK-ON,ON,0.4943
2021/4/16,酒ETF,512690.SH,大消费,14.42,RISK-ON,ON,0.4943
2021/4/16,钢铁ETF,515210.SH,周期资源,14.42,RISK-ON,ON,0.4943
2021/4/16,AI_ETF,515980.SH,科技成长,6.18,RISK-ON,ON,0.4943
2021/4/23,钢铁ETF,515210.SH,周期资源,14.26,RISK-ON,ON,0.4888
2021/4/23,酒ETF,512690.SH,大消费,8.15,RISK-ON,ON,0.4888
2021/4/23,新能源车ETF,515030.SH,新能源,8.15,RISK-ON,ON,0.4888
2021/4/23,半导体ETF,512480.SH,科技成长,6.11,RISK-ON,ON,0.4888
2021/4/23,食品ETF,515170.SH,大消费,6.11,RISK-ON,ON,0.4888
2021/4/23,煤炭ETF,515220.SH,周期资源,6.11,RISK-ON,ON,0.4888
2021/4/30,创新药ETF,159992.SZ,大消费,14.89,RISK-ON,ON,0.5107
2021/4/30,煤炭ETF,515220.SH,周期资源,14.89,RISK-ON,ON,0.5107
2021/4/30,新能源车ETF,515030.SH,新能源,8.51,RISK-ON,ON,0.5107
2021/4/30,有色ETF,159980.SZ,周期资源,6.38,RISK-ON,ON,0.5107
2021/4/30,钢铁ETF,515210.SH,周期资源,6.38,RISK-ON,ON,0.5107
2021/5/7,煤炭ETF,515220.SH,周期资源,14.89,RISK-ON,ON,0.5105
2021/5/7,酒ETF,512690.SH,大消费,8.51,RISK-ON,ON,0.5105
2021/5/7,新能源车ETF,515030.SH,新能源,8.51,RISK-ON,ON,0.5105
2021/5/7,有色ETF,159980.SZ,周期资源,6.38,RISK-ON,ON,0.5105
2021/5/7,红利ETF,515080.SH,红利,6.38,RISK-ON,ON,0.5105
2021/5/7,钢铁ETF,515210.SH,周期资源,6.38,RISK-ON,ON,0.5105
2021/5/13,创新药ETF,159992.SZ,大消费,8.56,RISK-ON,ON,0.5134
2021/5/13,新能源车ETF,515030.SH,新能源,8.56,RISK-ON,ON,0.5134
2021/5/13,煤炭ETF,515220.SH,周期资源,8.56,RISK-ON,ON,0.5134
2021/5/14,创新药ETF,159992.SZ,大消费,14.97,RISK-ON,ON,0.5132
2021/5/14,煤炭ETF,515220.SH,周期资源,14.97,RISK-ON,ON,0.5132
2021/5/14,证券ETF,512880.SH,大金融,8.55,RISK-ON,ON,0.5132
2021/5/14,有色ETF,159980.SZ,周期资源,6.41,RISK-ON,ON,0.5132
2021/5/14,医药ETF,512010.SH,大消费,6.41,RISK-ON,ON,0.5132
2021/5/21,军工ETF,512660.SH,高端制造,14.75,RISK-ON,ON,0.5057
2021/5/21,新能源车ETF,515030.SH,新能源,14.75,RISK-ON,ON,0.5057
2021/5/21,酒ETF,512690.SH,大消费,8.43,RISK-ON,ON,0.5057
2021/5/21,红利ETF,515080.SH,红利,6.32,RISK-ON,ON,0.5057
2021/5/21,食品ETF,515170.SH,大消费,6.32,RISK-ON,ON,0.5057
2021/5/28,新能源车ETF,515030.SH,新能源,14.22,RISK-ON,OFF,0.4877
2021/5/28,军工ETF,512660.SH,高端制造,8.13,RISK-ON,OFF,0.4877
2021/5/28,酒ETF,512690.SH,大消费,8.13,RISK-ON,OFF,0.4877
2021/5/28,食品ETF,515170.SH,大消费,6.1,RISK-ON,OFF,0.4877
2021/5/28,软件ETF,515230.SH,科技成长,6.1,RISK-ON,OFF,0.4877
2021/5/28,AI_ETF,515980.SH,科技成长,6.1,RISK-ON,OFF,0.4877
2021/6/4,新能源车ETF,515030.SH,新能源,14.32,RISK-ON,OFF,0.4911
2021/6/4,食品ETF,515170.SH,大消费,14.32,RISK-ON,OFF,0.4911
2021/6/4,军工ETF,512660.SH,高端制造,8.18,RISK-ON,OFF,0.4911
2021/6/4,半导体ETF,512480.SH,科技成长,6.14,RISK-ON,OFF,0.4911
2021/6/4,软件ETF,515230.SH,科技成长,6.14,RISK-ON,OFF,0.4911
2021/6/11,新能源车ETF,515030.SH,新能源,14.36,RISK-ON,OFF,0.4924
2021/6/11,半导体ETF,512480.SH,科技成长,8.21,RISK-ON,OFF,0.4924
2021/6/11,军工ETF,512660.SH,高端制造,8.21,RISK-ON,OFF,0.4924
2021/6/11,光伏ETF,159857.SZ,新能源,6.16,RISK-ON,OFF,0.4924
2021/6/11,化工ETF,159870.SZ,周期资源,6.16,RISK-ON,OFF,0.4924
2021/6/11,软件ETF,515230.SH,科技成长,6.16,RISK-ON,OFF,0.4924
2021/6/18,半导体ETF,512480.SH,科技成长,14.47,RISK-ON,OFF,0.496
2021/6/18,军工ETF,512660.SH,高端制造,8.27,RISK-ON,OFF,0.496
2021/6/18,新能源车ETF,515030.SH,新能源,8.27,RISK-ON,OFF,0.496
2021/6/18,软件ETF,515230.SH,科技成长,6.2,RISK-ON,OFF,0.496
2021/6/18,通信ETF,515880.SH,科技成长,6.2,RISK-ON,OFF,0.496
2021/6/18,AI_ETF,515980.SH,科技成长,6.2,RISK-ON,OFF,0.496
2021/6/24,半导体ETF,512480.SH,科技成长,8.99,RISK-ON,OFF,0.5392
2021/6/24,军工ETF,512660.SH,高端制造,8.99,RISK-ON,OFF,0.5392
2021/6/24,新能源车ETF,515030.SH,新能源,8.99,RISK-ON,OFF,0.5392
2021/6/25,光伏ETF,159857.SZ,新能源,17.31,RISK-ON,OFF,0.5936
2021/6/25,半导体ETF,512480.SH,科技成长,17.31,RISK-ON,OFF,0.5936
2021/6/25,军工ETF,512660.SH,高端制造,9.89,RISK-ON,OFF,0.5936
2021/6/25,煤炭ETF,515220.SH,周期资源,7.42,RISK-ON,OFF,0.5936
2021/6/25,AI_ETF,515980.SH,科技成长,7.42,RISK-ON,OFF,0.5936
2021/7/2,光伏ETF,159857.SZ,新能源,18.02,RISK-ON,OFF,0.6177
2021/7/2,半导体ETF,512480.SH,科技成长,18.02,RISK-ON,OFF,0.6177
2021/7/2,红利ETF,515080.SH,红利,10.3,RISK-ON,OFF,0.6177
2021/7/2,新能源车ETF,515030.SH,新能源,7.72,RISK-ON,OFF,0.6177
2021/7/2,AI_ETF,515980.SH,科技成长,7.72,RISK-ON,OFF,0.6177
2021/7/9,化工ETF,159870.SZ,周期资源,20.84,RISK-ON,OFF,0.7147
2021/7/9,新能源车ETF,515030.SH,新能源,20.84,RISK-ON,OFF,0.7147
2021/7/9,红利ETF,515080.SH,红利,11.91,RISK-ON,OFF,0.7147
2021/7/9,光伏ETF,159857.SZ,新能源,8.93,RISK-ON,OFF,0.7147
2021/7/9,钢铁ETF,515210.SH,周期资源,8.93,RISK-ON,OFF,0.7147
2021/7/16,光伏ETF,159857.SZ,新能源,21.98,RISK-ON,OFF,0.7537
2021/7/16,钢铁ETF,515210.SH,周期资源,21.98,RISK-ON,OFF,0.7537
2021/7/16,军工ETF,512660.SH,高端制造,12.56,RISK-ON,OFF,0.7537
2021/7/16,化工ETF,159870.SZ,周期资源,9.42,RISK-ON,OFF,0.7537
2021/7/16,新能源车ETF,515030.SH,新能源,9.42,RISK-ON,OFF,0.7537
2021/7/23,光伏ETF,159857.SZ,新能源,20.37,RISK-ON,OFF,0.6985
2021/7/23,钢铁ETF,515210.SH,周期资源,20.37,RISK-ON,OFF,0.6985
2021/7/23,军工ETF,512660.SH,高端制造,11.64,RISK-ON,OFF,0.6985
2021/7/23,云计算ETF,159890.SZ,科技成长,8.73,RISK-ON,OFF,0.6985
2021/7/23,化工ETF,159870.SZ,周期资源,8.73,RISK-ON,OFF,0.6985
2021/7/30,光伏ETF,159857.SZ,新能源,20.65,RISK-ON,OFF,0.7079
2021/7/30,钢铁ETF,515210.SH,周期资源,20.65,RISK-ON,OFF,0.7079
2021/7/30,军工ETF,512660.SH,高端制造,11.8,RISK-ON,OFF,0.7079
2021/7/30,有色ETF,159980.SZ,周期资源,8.85,RISK-ON,OFF,0.7079
2021/7/30,化工ETF,159870.SZ,周期资源,8.85,RISK-ON,OFF,0.7079
2021/8/6,光伏ETF,159857.SZ,新能源,21.75,RISK-ON,OFF,0.7457
2021/8/6,煤炭ETF,515220.SH,周期资源,21.75,RISK-ON,OFF,0.7457
2021/8/6,军工ETF,512660.SH,高端制造,12.43,RISK-ON,OFF,0.7457
2021/8/6,云计算ETF,159890.SZ,科技成长,9.32,RISK-ON,OFF,0.7457
2021/8/6,钢铁ETF,515210.SH,周期资源,9.32,RISK-ON,OFF,0.7457
2021/8/13,光伏ETF,159857.SZ,新能源,21.8,RISK-ON,OFF,0.7475
2021/8/13,煤炭ETF,515220.SH,周期资源,21.8,RISK-ON,OFF,0.7475
2021/8/13,军工ETF,512660.SH,高端制造,12.46,RISK-ON,OFF,0.7475
2021/8/13,钢铁ETF,515210.SH,周期资源,9.34,RISK-ON,OFF,0.7475
2021/8/13,通信ETF,515880.SH,科技成长,9.34,RISK-ON,OFF,0.7475
2021/8/20,光伏ETF,159857.SZ,新能源,20.87,RISK-ON,OFF,0.7156
2021/8/20,煤炭ETF,515220.SH,周期资源,20.87,RISK-ON,OFF,0.7156
2021/8/20,军工ETF,512660.SH,高端制造,11.93,RISK-ON,OFF,0.7156
2021/8/20,红利ETF,515080.SH,红利,8.95,RISK-ON,OFF,0.7156
2021/8/20,通信ETF,515880.SH,科技成长,8.95,RISK-ON,OFF,0.7156
2021/8/27,光伏ETF,159857.SZ,新能源,18.34,RISK-ON,OFF,0.6287
2021/8/27,红利ETF,515080.SH,红利,18.34,RISK-ON,OFF,0.6287
2021/8/27,军工ETF,512660.SH,高端制造,10.48,RISK-ON,OFF,0.6287
2021/8/27,钢铁ETF,515210.SH,周期资源,7.86,RISK-ON,OFF,0.6287
2021/8/27,煤炭ETF,515220.SH,周期资源,7.86,RISK-ON,OFF,0.6287
2021/9/3,房地产ETF,512200.SH,地产链,18.4,RISK-ON,OFF,0.6308
2021/9/3,红利ETF,515080.SH,红利,18.4,RISK-ON,OFF,0.6308
2021/9/3,煤炭ETF,515220.SH,周期资源,18.4,RISK-ON,OFF,0.6308
2021/9/3,钢铁ETF,515210.SH,周期资源,7.89,RISK-ON,OFF,0.6308
2021/9/10,红利ETF,515080.SH,红利,17.57,RISK-ON,OFF,0.6025
2021/9/10,煤炭ETF,515220.SH,周期资源,17.57,RISK-ON,OFF,0.6025
2021/9/10,证券ETF,512880.SH,大金融,10.04,RISK-ON,OFF,0.6025
2021/9/10,游戏ETF,159869.SZ,科技成长,7.53,RISK-ON,OFF,0.6025
2021/9/10,钢铁ETF,515210.SH,周期资源,7.53,RISK-ON,OFF,0.6025
2021/9/17,红利ETF,515080.SH,红利,16.55,RISK-ON,OFF,0.5675
2021/9/17,煤炭ETF,515220.SH,周期资源,16.55,RISK-ON,OFF,0.5675
2021/9/17,新能源车ETF,515030.SH,新能源,9.46,RISK-ON,OFF,0.5675
2021/9/17,游戏ETF,159869.SZ,科技成长,7.09,RISK-ON,OFF,0.5675
2021/9/17,钢铁ETF,515210.SH,周期资源,7.09,RISK-ON,OFF,0.5675
2021/9/24,畜牧ETF,159867.SZ,农业,16.63,RISK-ON,OFF,0.5703
2021/9/24,房地产ETF,512200.SH,地产链,16.63,RISK-ON,OFF,0.5703
2021/9/24,煤炭ETF,515220.SH,周期资源,16.63,RISK-ON,OFF,0.5703
2021/9/24,游戏ETF,159869.SZ,科技成长,7.13,RISK-ON,OFF,0.5703
2021/9/30,畜牧ETF,159867.SZ,农业,16.93,RISK-ON,OFF,0.5806
2021/9/30,食品ETF,515170.SH,大消费,16.93,RISK-ON,OFF,0.5806
2021/9/30,房地产ETF,512200.SH,地产链,9.68,RISK-ON,OFF,0.5806
2021/9/30,医药ETF,512010.SH,大消费,7.26,RISK-ON,OFF,0.5806
2021/9/30,医疗器械ETF,159883.SZ,大消费,7.26,RISK-ON,OFF,0.5806
2021/10/8,畜牧ETF,159867.SZ,农业,17.03,RISK-ON,OFF,0.5841
2021/10/8,食品ETF,515170.SH,大消费,17.03,RISK-ON,OFF,0.5841
2021/10/8,房地产ETF,512200.SH,地产链,9.73,RISK-ON,OFF,0.5841
2021/10/8,云计算ETF,159890.SZ,科技成长,7.3,RISK-ON,OFF,0.5841
2021/10/8,医疗器械ETF,159883.SZ,大消费,7.3,RISK-ON,OFF,0.5841
2021/10/15,畜牧ETF,159867.SZ,农业,16.76,RISK-ON,OFF,0.5746
2021/10/15,食品ETF,515170.SH,大消费,16.76,RISK-ON,OFF,0.5746
2021/10/15,房地产ETF,512200.SH,地产链,9.58,RISK-ON,OFF,0.5746
2021/10/15,有色ETF,159980.SZ,周期资源,7.18,RISK-ON,OFF,0.5746
2021/10/15,云计算ETF,159890.SZ,科技成长,7.18,RISK-ON,OFF,0.5746
2021/10/22,畜牧ETF,159867.SZ,农业,16.72,RISK-ON,OFF,0.5732
2021/10/22,银行ETF,512800.SH,大金融,9.55,RISK-ON,OFF,0.5732
2021/10/22,新能源车ETF,515030.SH,新能源,9.55,RISK-ON,OFF,0.5732
2021/10/22,有色ETF,159980.SZ,周期资源,7.17,RISK-ON,OFF,0.5732
2021/10/22,食品ETF,515170.SH,大消费,7.17,RISK-ON,OFF,0.5732
2021/10/22,AI_ETF,515980.SH,科技成长,7.17,RISK-ON,OFF,0.5732
2021/10/29,电池ETF,159755.SZ,新能源,16.68,RISK-ON,OFF,0.5719
2021/10/29,畜牧ETF,159867.SZ,农业,9.53,RISK-ON,OFF,0.5719
2021/10/29,军工ETF,512660.SH,高端制造,9.53,RISK-ON,OFF,0.5719
2021/10/29,光伏ETF,159857.SZ,新能源,7.15,RISK-ON,OFF,0.5719
2021/10/29,游戏ETF,159869.SZ,科技成长,7.15,RISK-ON,OFF,0.5719
2021/10/29,AI_ETF,515980.SH,科技成长,7.15,RISK-ON,OFF,0.5719
2021/11/5,电池ETF,159755.SZ,新能源,16.68,RISK-ON,OFF,0.5719
2021/11/5,游戏ETF,159869.SZ,科技成长,16.68,RISK-ON,OFF,0.5719
2021/11/5,军工ETF,512660.SH,高端制造,9.53,RISK-ON,OFF,0.5719
2021/11/5,通信ETF,515880.SH,科技成长,7.15,RISK-ON,OFF,0.5719
2021/11/5,AI_ETF,515980.SH,科技成长,7.15,RISK-ON,OFF,0.5719
2021/11/12,畜牧ETF,159867.SZ,农业,17.02,RISK-ON,OFF,0.5836
2021/11/12,游戏ETF,159869.SZ,科技成长,17.02,RISK-ON,OFF,0.5836
2021/11/12,军工ETF,512660.SH,高端制造,9.73,RISK-ON,OFF,0.5836
2021/11/12,通信ETF,515880.SH,科技成长,7.29,RISK-ON,OFF,0.5836
2021/11/12,AI_ETF,515980.SH,科技成长,7.29,RISK-ON,OFF,0.5836
2021/11/19,畜牧ETF,159867.SZ,农业,17.47,RISK-ON,OFF,0.5989
2021/11/19,游戏ETF,159869.SZ,科技成长,17.47,RISK-ON,OFF,0.5989
2021/11/19,军工ETF,512660.SH,高端制造,9.98,RISK-ON,OFF,0.5989
2021/11/19,通信ETF,515880.SH,科技成长,7.49,RISK-ON,OFF,0.5989
2021/11/19,AI_ETF,515980.SH,科技成长,7.49,RISK-ON,OFF,0.5989
2021/11/26,通信ETF,515880.SH,科技成长,16.77,RISK-ON,OFF,0.5749
2021/11/26,房地产ETF,512200.SH,地产链,9.58,RISK-ON,OFF,0.5749
2021/11/26,军工ETF,512660.SH,高端制造,9.58,RISK-ON,OFF,0.5749
2021/11/26,稀土ETF,159713.SZ,周期资源,7.19,RISK-ON,OFF,0.5749
2021/11/26,游戏ETF,159869.SZ,科技成长,7.19,RISK-ON,OFF,0.5749
2021/11/26,AI_ETF,515980.SH,科技成长,7.19,RISK-ON,OFF,0.5749
2021/12/3,稀土ETF,159713.SZ,周期资源,16.78,RISK-ON,OFF,0.5755
2021/12/3,房地产ETF,512200.SH,地产链,16.78,RISK-ON,OFF,0.5755
2021/12/3,军工ETF,512660.SH,高端制造,9.59,RISK-ON,OFF,0.5755
2021/12/3,钢铁ETF,515210.SH,周期资源,7.19,RISK-ON,OFF,0.5755
2021/12/3,通信ETF,515880.SH,科技成长,7.19,RISK-ON,OFF,0.5755
2021/12/10,稀土ETF,159713.SZ,周期资源,16.71,RISK-ON,OFF,0.573
2021/12/10,酒ETF,512690.SH,大消费,16.71,RISK-ON,OFF,0.573
2021/12/10,房地产ETF,512200.SH,地产链,9.55,RISK-ON,OFF,0.573
2021/12/10,食品ETF,515170.SH,大消费,7.16,RISK-ON,OFF,0.573
2021/12/10,钢铁ETF,515210.SH,周期资源,7.16,RISK-ON,OFF,0.573
2021/12/17,煤炭ETF,515220.SH,周期资源,16.26,RISK-ON,OFF,0.5575
2021/12/17,证券ETF,512880.SH,大金融,9.29,RISK-ON,OFF,0.5575
2021/12/17,红利ETF,515080.SH,红利,9.29,RISK-ON,OFF,0.5575
2021/12/17,稀土ETF,159713.SZ,周期资源,6.97,RISK-ON,OFF,0.5575
2021/12/17,游戏ETF,159869.SZ,科技成长,6.97,RISK-ON,OFF,0.5575
2021/12/17,钢铁ETF,515210.SH,周期资源,6.97,RISK-ON,OFF,0.5575
2021/12/24,畜牧ETF,159867.SZ,农业,16.08,RISK-ON,OFF,0.5512
2021/12/24,房地产ETF,512200.SH,地产链,9.19,RISK-ON,OFF,0.5512
2021/12/24,证券ETF,512880.SH,大金融,9.19,RISK-ON,OFF,0.5512
2021/12/24,游戏ETF,159869.SZ,科技成长,6.89,RISK-ON,OFF,0.5512
2021/12/24,食品ETF,515170.SH,大消费,6.89,RISK-ON,OFF,0.5512
2021/12/24,煤炭ETF,515220.SH,周期资源,6.89,RISK-ON,OFF,0.5512
2021/12/31,畜牧ETF,159867.SZ,农业,16.26,RISK-ON,OFF,0.5574
2021/12/31,游戏ETF,159869.SZ,科技成长,16.26,RISK-ON,OFF,0.5574
2021/12/31,房地产ETF,512200.SH,地产链,16.26,RISK-ON,OFF,0.5574
2021/12/31,有色ETF,159980.SZ,周期资源,6.97,RISK-ON,OFF,0.5574
2022/1/7,畜牧ETF,159867.SZ,农业,17.1,RISK-ON,OFF,0.5861
2022/1/7,红利ETF,515080.SH,红利,17.1,RISK-ON,OFF,0.5861
2022/1/7,房地产ETF,512200.SH,地产链,9.77,RISK-ON,OFF,0.5861
2022/1/7,有色ETF,159980.SZ,周期资源,7.33,RISK-ON,OFF,0.5861
2022/1/7,游戏ETF,159869.SZ,科技成长,7.33,RISK-ON,OFF,0.5861
2022/1/14,黄金ETF,159934.SZ,周期资源,58.29,RISK-OFF,OFF,0.5829
2022/1/21,黄金ETF,159934.SZ,周期资源,62.64,RISK-OFF,OFF,0.6264
2022/1/28,黄金ETF,159934.SZ,周期资源,61.57,RISK-OFF,OFF,0.6157
2022/2/11,黄金ETF,159934.SZ,周期资源,62.32,RISK-OFF,OFF,0.6232
2022/2/18,黄金ETF,159934.SZ,周期资源,61.46,RISK-OFF,OFF,0.6146
2022/2/25,黄金ETF,159934.SZ,周期资源,63,RISK-OFF,ON,0.63
2022/3/4,黄金ETF,159934.SZ,周期资源,75.11,RISK-OFF,ON,0.7511
2022/3/11,黄金ETF,159934.SZ,周期资源,74.48,RISK-OFF,ON,0.7448
2022/3/18,黄金ETF,159934.SZ,周期资源,86.59,RISK-OFF,ON,0.8659
2022/3/25,黄金ETF,159934.SZ,周期资源,92.05,RISK-OFF,ON,0.9205
2022/4/1,黄金ETF,159934.SZ,周期资源,93.62,RISK-OFF,ON,0.9362
2022/4/8,黄金ETF,159934.SZ,周期资源,93.95,RISK-OFF,ON,0.9395
2022/4/15,黄金ETF,159934.SZ,周期资源,92.41,RISK-OFF,ON,0.9241
2022/4/22,黄金ETF,159934.SZ,周期资源,94.02,RISK-OFF,ON,0.9402
2022/4/29,黄金ETF,159934.SZ,周期资源,93.84,RISK-OFF,ON,0.9384
2022/5/6,黄金ETF,159934.SZ,周期资源,93.48,RISK-OFF,ON,0.9348
2022/5/13,黄金ETF,159934.SZ,周期资源,93.28,RISK-OFF,ON,0.9328
2022/5/20,黄金ETF,159934.SZ,周期资源,100,RISK-OFF,ON,1
2022/5/27,黄金ETF,159934.SZ,周期资源,100,RISK-OFF,ON,1
2022/6/2,黄金ETF,159934.SZ,周期资源,100,RISK-OFF,ON,1
2022/6/10,黄金ETF,159934.SZ,周期资源,100,RISK-OFF,ON,1
2022/6/17,黄金ETF,159934.SZ,周期资源,100,RISK-OFF,ON,1
2022/6/24,黄金ETF,159934.SZ,周期资源,100,RISK-OFF,ON,1
2022/7/1,黄金ETF,159934.SZ,周期资源,100,RISK-OFF,ON,1
2022/7/8,黄金ETF,159934.SZ,周期资源,100,RISK-OFF,ON,1
2022/7/15,黄金ETF,159934.SZ,周期资源,100,RISK-OFF,OFF,1
2022/7/22,黄金ETF,159934.SZ,周期资源,100,RISK-OFF,OFF,1
2022/7/29,黄金ETF,159934.SZ,周期资源,100,RISK-OFF,OFF,1
2022/8/5,黄金ETF,159934.SZ,周期资源,100,RISK-OFF,OFF,1
2022/8/12,黄金ETF,159934.SZ,周期资源,100,RISK-OFF,OFF,1
2022/8/19,黄金ETF,159934.SZ,周期资源,100,RISK-OFF,OFF,1
2022/8/26,黄金ETF,159934.SZ,周期资源,100,RISK-OFF,OFF,1
2022/9/2,黄金ETF,159934.SZ,周期资源,100,RISK-OFF,OFF,1
2022/9/9,黄金ETF,159934.SZ,周期资源,100,RISK-OFF,OFF,1
2022/9/16,黄金ETF,159934.SZ,周期资源,100,RISK-OFF,OFF,1
2022/9/23,黄金ETF,159934.SZ,周期资源,100,RISK-OFF,OFF,1
2022/9/30,黄金ETF,159934.SZ,周期资源,100,RISK-OFF,OFF,1
2022/10/14,黄金ETF,159934.SZ,周期资源,100,RISK-OFF,ON,1
2022/10/21,黄金ETF,159934.SZ,周期资源,100,RISK-OFF,ON,1
2022/10/28,黄金ETF,159934.SZ,周期资源,100,RISK-OFF,ON,1
2022/11/4,黄金ETF,159934.SZ,周期资源,100,RISK-OFF,ON,1
2022/11/11,黄金ETF,159934.SZ,周期资源,100,RISK-OFF,ON,1
2022/11/18,黄金ETF,159934.SZ,周期资源,100,RISK-OFF,ON,1
2022/11/25,黄金ETF,159934.SZ,周期资源,100,RISK-OFF,ON,1
2022/12/2,黄金ETF,159934.SZ,周期资源,100,RISK-OFF,ON,1
2022/12/9,黄金ETF,159934.SZ,周期资源,100,RISK-OFF,ON,1
2022/12/16,黄金ETF,159934.SZ,周期资源,100,RISK-OFF,ON,1
2022/12/23,黄金ETF,159934.SZ,周期资源,100,RISK-OFF,ON,1
2022/12/30,黄金ETF,159934.SZ,周期资源,100,RISK-OFF,ON,1
2023/1/6,黄金ETF,159934.SZ,周期资源,100,RISK-OFF,OFF,1
2023/1/13,黄金ETF,159934.SZ,周期资源,100,RISK-OFF,OFF,1
2023/1/20,光伏ETF,159857.SZ,新能源,29.17,RISK-ON,OFF,1
2023/1/20,软件ETF,515230.SH,科技成长,29.17,RISK-ON,OFF,1
2023/1/20,机器人ETF,562500.SH,高端制造,16.67,RISK-ON,OFF,1
2023/1/20,云计算ETF,159890.SZ,科技成长,12.5,RISK-ON,OFF,1
2023/1/20,AI_ETF,515980.SH,科技成长,12.5,RISK-ON,OFF,1
2023/2/3,软件ETF,515230.SH,科技成长,29.17,RISK-ON,OFF,1
2023/2/3,机器人ETF,562500.SH,高端制造,29.17,RISK-ON,OFF,1
2023/2/3,电池ETF,159755.SZ,新能源,16.67,RISK-ON,OFF,1
2023/2/3,云计算ETF,159890.SZ,科技成长,12.5,RISK-ON,OFF,1
2023/2/3,AI_ETF,515980.SH,科技成长,12.5,RISK-ON,OFF,1
2023/2/10,游戏ETF,159869.SZ,科技成长,29.17,RISK-ON,OFF,1
2023/2/10,机器人ETF,562500.SH,高端制造,29.17,RISK-ON,OFF,1
2023/2/10,畜牧ETF,159867.SZ,农业,16.67,RISK-ON,OFF,1
2023/2/10,云计算ETF,159890.SZ,科技成长,12.5,RISK-ON,OFF,1
2023/2/10,AI_ETF,515980.SH,科技成长,12.5,RISK-ON,OFF,1
2023/2/17,游戏ETF,159869.SZ,科技成长,29.17,RISK-ON,OFF,1
2023/2/17,机器人ETF,562500.SH,高端制造,29.17,RISK-ON,OFF,1
2023/2/17,稀土ETF,159713.SZ,周期资源,16.67,RISK-ON,OFF,1
2023/2/17,云计算ETF,159890.SZ,科技成长,12.5,RISK-ON,OFF,1
2023/2/17,AI_ETF,515980.SH,科技成长,12.5,RISK-ON,OFF,1
2023/2/24,游戏ETF,159869.SZ,科技成长,29.17,RISK-ON,OFF,1
2023/2/24,机器人ETF,562500.SH,高端制造,29.17,RISK-ON,OFF,1
2023/2/24,红利ETF,515080.SH,红利,16.67,RISK-ON,OFF,1
2023/2/24,云计算ETF,159890.SZ,科技成长,12.5,RISK-ON,OFF,1
2023/2/24,通信ETF,515880.SH,科技成长,12.5,RISK-ON,OFF,1
2023/3/3,游戏ETF,159869.SZ,科技成长,29.17,RISK-ON,OFF,1
2023/3/3,红利ETF,515080.SH,红利,16.67,RISK-ON,OFF,1
2023/3/3,建材ETF,516750.SH,地产链,16.67,RISK-ON,OFF,1
2023/3/3,云计算ETF,159890.SZ,科技成长,12.5,RISK-ON,OFF,1
2023/3/3,通信ETF,515880.SH,科技成长,12.5,RISK-ON,OFF,1
2023/3/3,AI_ETF,515980.SH,科技成长,12.5,RISK-ON,OFF,1
2023/3/10,黄金ETF,159934.SZ,周期资源,99.72,RISK-OFF,OFF,0.9972
2023/3/17,黄金ETF,159934.SZ,周期资源,97.09,RISK-OFF,OFF,0.9709
2023/3/24,游戏ETF,159869.SZ,科技成长,28.22,RISK-ON,OFF,0.9676
2023/3/24,红利ETF,515080.SH,红利,16.13,RISK-ON,OFF,0.9676
2023/3/24,机器人ETF,562500.SH,高端制造,16.13,RISK-ON,OFF,0.9676
2023/3/24,云计算ETF,159890.SZ,科技成长,12.09,RISK-ON,OFF,0.9676
2023/3/24,通信ETF,515880.SH,科技成长,12.09,RISK-ON,OFF,0.9676
2023/3/24,AI_ETF,515980.SH,科技成长,12.09,RISK-ON,OFF,0.9676
2023/3/31,游戏ETF,159869.SZ,科技成长,28.87,RISK-ON,OFF,0.99
2023/3/31,畜牧ETF,159867.SZ,农业,16.5,RISK-ON,OFF,0.99
2023/3/31,机器人ETF,562500.SH,高端制造,16.5,RISK-ON,OFF,0.99
2023/3/31,云计算ETF,159890.SZ,科技成长,12.37,RISK-ON,OFF,0.99
2023/3/31,软件ETF,515230.SH,科技成长,12.37,RISK-ON,OFF,0.99
2023/3/31,AI_ETF,515980.SH,科技成长,12.37,RISK-ON,OFF,0.99
2023/4/7,游戏ETF,159869.SZ,科技成长,24.03,RISK-ON,OFF,0.8239
2023/4/7,畜牧ETF,159867.SZ,农业,13.73,RISK-ON,OFF,0.8239
2023/4/7,机器人ETF,562500.SH,高端制造,13.73,RISK-ON,OFF,0.8239
2023/4/7,云计算ETF,159890.SZ,科技成长,10.3,RISK-ON,OFF,0.8239
2023/4/7,软件ETF,515230.SH,科技成长,10.3,RISK-ON,OFF,0.8239
2023/4/7,AI_ETF,515980.SH,科技成长,10.3,RISK-ON,OFF,0.8239
2023/4/14,游戏ETF,159869.SZ,科技成长,22.31,RISK-ON,OFF,0.765
2023/4/14,电池ETF,159755.SZ,新能源,12.75,RISK-ON,OFF,0.765
2023/4/14,非银ETF,159892.SZ,大金融,12.75,RISK-ON,OFF,0.765
2023/4/14,消费电子ETF,159779.SZ,科技成长,9.56,RISK-ON,OFF,0.765
2023/4/14,云计算ETF,159890.SZ,科技成长,9.56,RISK-ON,OFF,0.765
2023/4/14,AI_ETF,515980.SH,科技成长,9.56,RISK-ON,OFF,0.765
2023/4/21,游戏ETF,159869.SZ,科技成长,21.46,RISK-ON,OFF,0.7358
2023/4/21,红利ETF,515080.SH,红利,21.46,RISK-ON,OFF,0.7358
2023/4/21,非银ETF,159892.SZ,大金融,12.26,RISK-ON,OFF,0.7358
2023/4/21,云计算ETF,159890.SZ,科技成长,9.2,RISK-ON,OFF,0.7358
2023/4/21,家电ETF,561120.SH,大消费,9.2,RISK-ON,OFF,0.7358
2023/4/28,游戏ETF,159869.SZ,科技成长,21.08,RISK-ON,OFF,0.7227
2023/4/28,银行ETF,512800.SH,大金融,21.08,RISK-ON,OFF,0.7227
2023/4/28,红利ETF,515080.SH,红利,21.08,RISK-ON,OFF,0.7227
2023/4/28,非银ETF,159892.SZ,大金融,9.03,RISK-ON,OFF,0.7227
2023/5/5,黄金ETF,159934.SZ,周期资源,71.73,RISK-OFF,OFF,0.7173
2023/5/12,黄金ETF,159934.SZ,周期资源,71.19,RISK-OFF,OFF,0.7119
2023/5/19,黄金ETF,159934.SZ,周期资源,72.72,RISK-OFF,OFF,0.7272
2023/5/26,黄金ETF,159934.SZ,周期资源,72.5,RISK-OFF,OFF,0.725
2023/6/2,黄金ETF,159934.SZ,周期资源,72.38,RISK-OFF,OFF,0.7238
2023/6/9,黄金ETF,159934.SZ,周期资源,72.28,RISK-OFF,OFF,0.7228
2023/6/16,通信ETF,515880.SH,科技成长,21.4,RISK-ON,OFF,0.7338
2023/6/16,建材ETF,516750.SH,地产链,12.23,RISK-ON,OFF,0.7338
2023/6/16,机器人ETF,562500.SH,高端制造,12.23,RISK-ON,OFF,0.7338
2023/6/16,云计算ETF,159890.SZ,科技成长,9.17,RISK-ON,OFF,0.7338
2023/6/16,软件ETF,515230.SH,科技成长,9.17,RISK-ON,OFF,0.7338
2023/6/16,AI_ETF,515980.SH,科技成长,9.17,RISK-ON,OFF,0.7338
2023/6/21,黄金ETF,159934.SZ,周期资源,73.59,RISK-OFF,OFF,0.7359
2023/6/30,黄金ETF,159934.SZ,周期资源,73.43,RISK-OFF,OFF,0.7343
2023/7/7,黄金ETF,159934.SZ,周期资源,73.35,RISK-OFF,OFF,0.7335
2023/7/14,黄金ETF,159934.SZ,周期资源,73.58,RISK-OFF,ON,0.7358
2023/7/21,黄金ETF,159934.SZ,周期资源,73.53,RISK-OFF,ON,0.7353
2023/7/28,房地产ETF,512200.SH,地产链,21.34,RISK-ON,ON,0.7317
2023/7/28,证券ETF,512880.SH,大金融,12.2,RISK-ON,ON,0.7317
2023/7/28,红利ETF,515080.SH,红利,12.2,RISK-ON,ON,0.7317
2023/7/28,食品ETF,515170.SH,大消费,9.15,RISK-ON,ON,0.7317
2023/7/28,钢铁ETF,515210.SH,周期资源,9.15,RISK-ON,ON,0.7317
2023/7/28,建材ETF,516750.SH,地产链,9.15,RISK-ON,ON,0.7317
2023/8/4,房地产ETF,512200.SH,地产链,21.52,RISK-ON,ON,0.738
2023/8/4,证券ETF,512880.SH,大金融,12.3,RISK-ON,ON,0.738
2023/8/4,红利ETF,515080.SH,红利,12.3,RISK-ON,ON,0.738
2023/8/4,食品ETF,515170.SH,大消费,9.22,RISK-ON,ON,0.738
2023/8/4,钢铁ETF,515210.SH,周期资源,9.22,RISK-ON,ON,0.738
2023/8/4,建材ETF,516750.SH,地产链,9.22,RISK-ON,ON,0.738
2023/8/11,黄金ETF,159934.SZ,周期资源,68.6,RISK-OFF,ON,0.686
2023/8/18,黄金ETF,159934.SZ,周期资源,69.82,RISK-OFF,ON,0.6982
2023/8/25,黄金ETF,159934.SZ,周期资源,70.07,RISK-OFF,ON,0.7007
2023/9/1,黄金ETF,159934.SZ,周期资源,71.78,RISK-OFF,ON,0.7178
2023/9/8,黄金ETF,159934.SZ,周期资源,77.92,RISK-OFF,OFF,0.7792
2023/9/15,黄金ETF,159934.SZ,周期资源,81.06,RISK-OFF,OFF,0.8106
2023/9/22,黄金ETF,159934.SZ,周期资源,81.67,RISK-OFF,OFF,0.8167
2023/9/28,黄金ETF,159934.SZ,周期资源,78.94,RISK-OFF,OFF,0.7894
2023/10/13,黄金ETF,159934.SZ,周期资源,98.15,RISK-OFF,OFF,0.9815
2023/10/20,黄金ETF,159934.SZ,周期资源,93.83,RISK-OFF,OFF,0.9383
2023/10/27,黄金ETF,159934.SZ,周期资源,98.35,RISK-OFF,OFF,0.9835
2023/11/3,黄金ETF,159934.SZ,周期资源,100,RISK-OFF,OFF,1
2023/11/10,黄金ETF,159934.SZ,周期资源,100,RISK-OFF,ON,1
2023/11/17,黄金ETF,159934.SZ,周期资源,100,RISK-OFF,ON,1
2023/11/24,黄金ETF,159934.SZ,周期资源,100,RISK-OFF,ON,1
2023/12/1,黄金ETF,159934.SZ,周期资源,100,RISK-OFF,ON,1
2023/12/8,黄金ETF,159934.SZ,周期资源,100,RISK-OFF,ON,1
2023/12/15,黄金ETF,159934.SZ,周期资源,100,RISK-OFF,ON,1
2023/12/22,黄金ETF,159934.SZ,周期资源,100,RISK-OFF,ON,1
2023/12/29,黄金ETF,159934.SZ,周期资源,100,RISK-OFF,ON,1
2024/1/5,黄金ETF,159934.SZ,周期资源,100,RISK-OFF,ON,1
2024/1/12,黄金ETF,159934.SZ,周期资源,100,RISK-OFF,ON,1
2024/1/19,黄金ETF,159934.SZ,周期资源,100,RISK-OFF,ON,1
2024/1/26,黄金ETF,159934.SZ,周期资源,100,RISK-OFF,ON,1
2024/2/2,黄金ETF,159934.SZ,周期资源,100,RISK-OFF,ON,1
2024/2/8,黄金ETF,159934.SZ,周期资源,100,RISK-OFF,ON,1
2024/2/23,黄金ETF,159934.SZ,周期资源,100,RISK-OFF,ON,1
2024/3/1,黄金ETF,159934.SZ,周期资源,100,RISK-OFF,ON,1
2024/3/8,黄金ETF,159934.SZ,周期资源,100,RISK-OFF,ON,1
2024/3/15,黄金ETF,159934.SZ,周期资源,100,RISK-OFF,ON,1
2024/3/22,黄金ETF,159934.SZ,周期资源,100,RISK-OFF,ON,1
2024/3/29,黄金ETF,159934.SZ,周期资源,100,RISK-OFF,ON,1
2024/4/3,黄金ETF,159934.SZ,周期资源,98.87,RISK-OFF,OFF,0.9887
2024/4/12,黄金ETF,159934.SZ,周期资源,93.75,RISK-OFF,OFF,0.9375
2024/4/19,黄金ETF,159934.SZ,周期资源,94.01,RISK-OFF,OFF,0.9401
2024/4/26,黄金ETF,159934.SZ,周期资源,95.43,RISK-OFF,OFF,0.9543
2024/4/30,黄金ETF,159934.SZ,周期资源,94.48,RISK-OFF,OFF,0.9448
2024/5/10,黄金ETF,159934.SZ,周期资源,93.96,RISK-OFF,OFF,0.9396
2024/5/17,黄金ETF,159934.SZ,周期资源,96.11,RISK-OFF,OFF,0.9611
2024/5/24,黄金ETF,159934.SZ,周期资源,92.35,RISK-OFF,OFF,0.9235
2024/5/31,黄金ETF,159934.SZ,周期资源,95.42,RISK-OFF,OFF,0.9542
2024/6/7,黄金ETF,159934.SZ,周期资源,96.2,RISK-OFF,OFF,0.962
2024/6/14,黄金ETF,159934.SZ,周期资源,91.09,RISK-OFF,OFF,0.9109
2024/6/21,黄金ETF,159934.SZ,周期资源,90.16,RISK-OFF,OFF,0.9016
2024/6/28,黄金ETF,159934.SZ,周期资源,88.02,RISK-OFF,OFF,0.8802
2024/7/5,黄金ETF,159934.SZ,周期资源,87.59,RISK-OFF,OFF,0.8759
2024/7/12,黄金ETF,159934.SZ,周期资源,87.4,RISK-OFF,OFF,0.874
2024/7/19,黄金ETF,159934.SZ,周期资源,87.26,RISK-OFF,OFF,0.8726
2024/7/26,黄金ETF,159934.SZ,周期资源,85.82,RISK-OFF,OFF,0.8582
2024/8/2,黄金ETF,159934.SZ,周期资源,84.12,RISK-OFF,OFF,0.8412
2024/8/9,黄金ETF,159934.SZ,周期资源,81.56,RISK-OFF,ON,0.8156
2024/8/16,黄金ETF,159934.SZ,周期资源,81.81,RISK-OFF,ON,0.8181
2024/8/23,黄金ETF,159934.SZ,周期资源,82.51,RISK-OFF,ON,0.8251
2024/8/30,黄金ETF,159934.SZ,周期资源,82.46,RISK-OFF,ON,0.8246
2024/9/6,黄金ETF,159934.SZ,周期资源,89.81,RISK-OFF,ON,0.8981
2024/9/13,黄金ETF,159934.SZ,周期资源,89.17,RISK-OFF,ON,0.8917
2024/9/20,黄金ETF,159934.SZ,周期资源,89.21,RISK-OFF,ON,0.8921
2024/9/27,房地产ETF,512200.SH,地产链,27.45,RISK-ON,ON,0.9411
2024/9/27,电池ETF,159755.SZ,新能源,15.69,RISK-ON,ON,0.9411
2024/9/27,证券ETF,512880.SH,大金融,15.69,RISK-ON,ON,0.9411
2024/9/27,云计算ETF,159890.SZ,科技成长,11.76,RISK-ON,ON,0.9411
2024/9/27,软件ETF,515230.SH,科技成长,11.76,RISK-ON,ON,0.9411
2024/9/27,家电ETF,561120.SH,大消费,11.76,RISK-ON,ON,0.9411
2024/9/30,食品ETF,515170.SH,大消费,18.93,RISK-ON,ON,0.649
2024/9/30,软件ETF,515230.SH,科技成长,18.93,RISK-ON,ON,0.649
2024/9/30,房地产ETF,512200.SH,地产链,10.82,RISK-ON,ON,0.649
2024/9/30,云计算ETF,159890.SZ,科技成长,8.11,RISK-ON,ON,0.649
2024/9/30,建材ETF,516750.SH,地产链,8.11,RISK-ON,ON,0.649
2024/10/11,软件ETF,515230.SH,科技成长,17.74,RISK-ON,ON,0.6083
2024/10/11,房地产ETF,512200.SH,地产链,10.14,RISK-ON,ON,0.6083
2024/10/11,证券ETF,512880.SH,大金融,10.14,RISK-ON,ON,0.6083
2024/10/11,消费电子ETF,159779.SZ,科技成长,7.6,RISK-ON,ON,0.6083
2024/10/11,云计算ETF,159890.SZ,科技成长,7.6,RISK-ON,ON,0.6083
2024/10/11,AI_ETF,515980.SH,科技成长,7.6,RISK-ON,ON,0.6083
2024/10/18,半导体ETF,512480.SH,科技成长,9.01,RISK-ON,ON,0.5407
2024/10/18,证券ETF,512880.SH,大金融,9.01,RISK-ON,ON,0.5407
2024/10/18,军工ETF,512660.SH,高端制造,9.01,RISK-ON,ON,0.5407
2024/10/18,云计算ETF,159890.SZ,科技成长,6.76,RISK-ON,ON,0.5407
2024/10/18,消费电子ETF,159779.SZ,科技成长,6.76,RISK-ON,ON,0.5407
2024/10/18,软件ETF,515230.SH,科技成长,6.76,RISK-ON,ON,0.5407
2024/10/18,AI_ETF,515980.SH,科技成长,6.76,RISK-ON,ON,0.5407
2024/10/25,光伏ETF,159857.SZ,新能源,9.22,RISK-ON,ON,0.5532
2024/10/25,军工ETF,512660.SH,高端制造,9.22,RISK-ON,ON,0.5532
2024/10/25,半导体ETF,512480.SH,科技成长,9.22,RISK-ON,ON,0.5532
2024/10/25,云计算ETF,159890.SZ,科技成长,6.91,RISK-ON,ON,0.5532
2024/10/25,消费电子ETF,159779.SZ,科技成长,6.91,RISK-ON,ON,0.5532
2024/10/25,软件ETF,515230.SH,科技成长,6.91,RISK-ON,ON,0.5532
2024/10/25,AI_ETF,515980.SH,科技成长,6.91,RISK-ON,ON,0.5532
2024/11/1,光伏ETF,159857.SZ,新能源,9.06,RISK-ON,OFF,0.5433
2024/11/1,军工ETF,512660.SH,高端制造,9.06,RISK-ON,OFF,0.5433
2024/11/1,半导体ETF,512480.SH,科技成长,9.06,RISK-ON,OFF,0.5433
2024/11/1,消费电子ETF,159779.SZ,科技成长,6.79,RISK-ON,OFF,0.5433
2024/11/1,稀土ETF,159713.SZ,周期资源,6.79,RISK-ON,OFF,0.5433
2024/11/1,云计算ETF,159890.SZ,科技成长,6.79,RISK-ON,OFF,0.5433
2024/11/1,软件ETF,515230.SH,科技成长,6.79,RISK-ON,OFF,0.5433
2024/11/8,软件ETF,515230.SH,科技成长,13.87,RISK-ON,OFF,0.4757
2024/11/8,房地产ETF,512200.SH,地产链,7.93,RISK-ON,OFF,0.4757
2024/11/8,军工ETF,512660.SH,高端制造,7.93,RISK-ON,OFF,0.4757
2024/11/8,稀土ETF,159713.SZ,周期资源,5.95,RISK-ON,OFF,0.4757
2024/11/8,消费电子ETF,159779.SZ,科技成长,5.95,RISK-ON,OFF,0.4757
2024/11/8,云计算ETF,159890.SZ,科技成长,5.95,RISK-ON,OFF,0.4757
2024/11/15,光伏ETF,159857.SZ,新能源,13.08,RISK-ON,OFF,0.4483
2024/11/15,软件ETF,515230.SH,科技成长,7.47,RISK-ON,OFF,0.4483
2024/11/15,机器人ETF,562500.SH,高端制造,7.47,RISK-ON,OFF,0.4483
2024/11/15,稀土ETF,159713.SZ,周期资源,5.6,RISK-ON,OFF,0.4483
2024/11/15,电池ETF,159755.SZ,新能源,5.6,RISK-ON,OFF,0.4483
2024/11/15,云计算ETF,159890.SZ,科技成长,5.6,RISK-ON,OFF,0.4483
2024/11/22,稀土ETF,159713.SZ,周期资源,13.02,RISK-ON,OFF,0.4462
2024/11/22,软件ETF,515230.SH,科技成长,13.02,RISK-ON,OFF,0.4462
2024/11/22,机器人ETF,562500.SH,高端制造,13.02,RISK-ON,OFF,0.4462
2024/11/22,云计算ETF,159890.SZ,科技成长,5.58,RISK-ON,OFF,0.4462
2024/11/29,软件ETF,515230.SH,科技成长,12.98,RISK-ON,OFF,0.4451
2024/11/29,机器人ETF,562500.SH,高端制造,12.98,RISK-ON,OFF,0.4451
2024/11/29,新能源车ETF,515030.SH,新能源,7.42,RISK-ON,OFF,0.4451
2024/11/29,云计算ETF,159890.SZ,科技成长,5.56,RISK-ON,OFF,0.4451
2024/11/29,AI_ETF,515980.SH,科技成长,5.56,RISK-ON,OFF,0.4451
2024/12/6,红利ETF,515080.SH,红利,12.91,RISK-ON,OFF,0.4425
2024/12/6,钢铁ETF,515210.SH,周期资源,12.91,RISK-ON,OFF,0.4425
2024/12/6,机器人ETF,562500.SH,高端制造,12.91,RISK-ON,OFF,0.4425
2024/12/6,游戏ETF,159869.SZ,科技成长,5.53,RISK-ON,OFF,0.4425
2024/12/13,畜牧ETF,159867.SZ,农业,13.08,RISK-ON,OFF,0.4485
2024/12/13,机器人ETF,562500.SH,高端制造,13.08,RISK-ON,OFF,0.4485
2024/12/13,房地产ETF,512200.SH,地产链,7.48,RISK-ON,OFF,0.4485
2024/12/13,黄金ETF,159934.SZ,周期资源,5.61,RISK-ON,OFF,0.4485
2024/12/13,钢铁ETF,515210.SH,周期资源,5.61,RISK-ON,OFF,0.4485
2024/12/20,消费电子ETF,159779.SZ,科技成长,12.86,RISK-ON,OFF,0.4408
2024/12/20,机器人ETF,562500.SH,高端制造,12.86,RISK-ON,OFF,0.4408
2024/12/20,银行ETF,512800.SH,大金融,7.35,RISK-ON,OFF,0.4408
2024/12/20,AI_ETF,515980.SH,科技成长,5.51,RISK-ON,OFF,0.4408
2024/12/20,家电ETF,561120.SH,大消费,5.51,RISK-ON,OFF,0.4408
2024/12/27,银行ETF,512800.SH,大金融,12.94,RISK-ON,OFF,0.4437
2024/12/27,通信ETF,515880.SH,科技成长,12.94,RISK-ON,OFF,0.4437
2024/12/27,红利ETF,515080.SH,红利,7.39,RISK-ON,OFF,0.4437
2024/12/27,消费电子ETF,159779.SZ,科技成长,5.55,RISK-ON,OFF,0.4437
2024/12/27,家电ETF,561120.SH,大消费,5.55,RISK-ON,OFF,0.4437
2025/1/3,黄金ETF,159934.SZ,周期资源,12.25,RISK-ON,OFF,0.4201
2025/1/3,银行ETF,512800.SH,大金融,7,RISK-ON,OFF,0.4201
2025/1/3,红利ETF,515080.SH,红利,7,RISK-ON,OFF,0.4201
2025/1/3,消费电子ETF,159779.SZ,科技成长,5.25,RISK-ON,OFF,0.4201
2025/1/3,家电ETF,561120.SH,大消费,5.25,RISK-ON,OFF,0.4201
2025/1/3,石油ETF,561360.SH,周期资源,5.25,RISK-ON,OFF,0.4201
2025/1/10,黄金ETF,159934.SZ,周期资源,12.26,RISK-ON,OFF,0.4204
2025/1/10,银行ETF,512800.SH,大金融,7.01,RISK-ON,OFF,0.4204
2025/1/10,红利ETF,515080.SH,红利,7.01,RISK-ON,OFF,0.4204
2025/1/10,消费电子ETF,159779.SZ,科技成长,5.26,RISK-ON,OFF,0.4204
2025/1/10,有色ETF,159980.SZ,周期资源,5.26,RISK-ON,OFF,0.4204
2025/1/10,家电ETF,561120.SH,大消费,5.26,RISK-ON,OFF,0.4204
2025/1/17,黄金ETF,159934.SZ,周期资源,12.27,RISK-ON,OFF,0.4206
2025/1/17,银行ETF,512800.SH,大金融,7.01,RISK-ON,OFF,0.4206
2025/1/17,红利ETF,515080.SH,红利,7.01,RISK-ON,OFF,0.4206
2025/1/17,有色ETF,159980.SZ,周期资源,5.26,RISK-ON,OFF,0.4206
2025/1/17,家电ETF,561120.SH,大消费,5.26,RISK-ON,OFF,0.4206
2025/1/17,石油ETF,561360.SH,周期资源,5.26,RISK-ON,OFF,0.4206
2025/1/24,黄金ETF,159934.SZ,周期资源,12.31,RISK-ON,OFF,0.4222
2025/1/24,通信ETF,515880.SH,科技成长,7.04,RISK-ON,OFF,0.4222
2025/1/24,机器人ETF,562500.SH,高端制造,7.04,RISK-ON,OFF,0.4222
2025/1/24,稀土ETF,159713.SZ,周期资源,5.28,RISK-ON,OFF,0.4222
2025/1/24,有色ETF,159980.SZ,周期资源,5.28,RISK-ON,OFF,0.4222
2025/1/24,家电ETF,561120.SH,大消费,5.28,RISK-ON,OFF,0.4222
2025/1/27,软件ETF,515230.SH,科技成长,12.32,RISK-ON,OFF,0.4224
2025/1/27,新能源车ETF,515030.SH,新能源,7.04,RISK-ON,OFF,0.4224
2025/1/27,机器人ETF,562500.SH,高端制造,7.04,RISK-ON,OFF,0.4224
2025/1/27,稀土ETF,159713.SZ,周期资源,5.28,RISK-ON,OFF,0.4224
2025/1/27,云计算ETF,159890.SZ,科技成长,5.28,RISK-ON,OFF,0.4224
2025/1/27,AI_ETF,515980.SH,科技成长,5.28,RISK-ON,OFF,0.4224
2025/2/7,软件ETF,515230.SH,科技成长,11.1,RISK-ON,OFF,0.3807
2025/2/7,电池ETF,159755.SZ,新能源,6.34,RISK-ON,OFF,0.3807
2025/2/7,机器人ETF,562500.SH,高端制造,6.34,RISK-ON,OFF,0.3807
2025/2/7,游戏ETF,159869.SZ,科技成长,4.76,RISK-ON,OFF,0.3807
2025/2/7,云计算ETF,159890.SZ,科技成长,4.76,RISK-ON,OFF,0.3807
2025/2/7,AI_ETF,515980.SH,科技成长,4.76,RISK-ON,OFF,0.3807
2025/2/14,游戏ETF,159869.SZ,科技成长,10.82,RISK-ON,ON,0.3711
2025/2/14,非银ETF,159892.SZ,大金融,6.19,RISK-ON,ON,0.3711
2025/2/14,机器人ETF,562500.SH,高端制造,6.19,RISK-ON,ON,0.3711
2025/2/14,云计算ETF,159890.SZ,科技成长,4.64,RISK-ON,ON,0.3711
2025/2/14,软件ETF,515230.SH,科技成长,4.64,RISK-ON,ON,0.3711
2025/2/14,AI_ETF,515980.SH,科技成长,4.64,RISK-ON,ON,0.3711
2025/2/21,游戏ETF,159869.SZ,科技成长,6.07,RISK-ON,ON,0.3644
2025/2/21,机器人ETF,562500.SH,高端制造,6.07,RISK-ON,ON,0.3644
2025/2/21,非银ETF,159892.SZ,大金融,6.07,RISK-ON,ON,0.3644
2025/2/21,云计算ETF,159890.SZ,科技成长,4.56,RISK-ON,ON,0.3644
2025/2/21,医疗器械ETF,159883.SZ,大消费,4.56,RISK-ON,ON,0.3644
2025/2/21,软件ETF,515230.SH,科技成长,4.56,RISK-ON,ON,0.3644
2025/2/21,AI_ETF,515980.SH,科技成长,4.56,RISK-ON,ON,0.3644
2025/2/28,电池ETF,159755.SZ,新能源,9.98,RISK-ON,ON,0.3422
2025/2/28,游戏ETF,159869.SZ,科技成长,5.7,RISK-ON,ON,0.3422
2025/2/28,机器人ETF,562500.SH,高端制造,5.7,RISK-ON,ON,0.3422
2025/2/28,云计算ETF,159890.SZ,科技成长,4.28,RISK-ON,ON,0.3422
2025/2/28,新能源车ETF,515030.SH,新能源,4.28,RISK-ON,ON,0.3422
2025/2/28,软件ETF,515230.SH,科技成长,4.28,RISK-ON,ON,0.3422
2025/3/7,云计算ETF,159890.SZ,科技成长,9.92,RISK-ON,ON,0.34
2025/3/7,非银ETF,159892.SZ,大金融,9.92,RISK-ON,ON,0.34
2025/3/7,机器人ETF,562500.SH,高端制造,5.67,RISK-ON,ON,0.34
2025/3/7,钢铁ETF,515210.SH,周期资源,4.25,RISK-ON,ON,0.34
2025/3/7,软件ETF,515230.SH,科技成长,4.25,RISK-ON,ON,0.34
2025/3/14,非银ETF,159892.SZ,大金融,9.89,RISK-ON,ON,0.339
2025/3/14,酒ETF,512690.SH,大消费,5.65,RISK-ON,ON,0.339
2025/3/14,机器人ETF,562500.SH,高端制造,5.65,RISK-ON,ON,0.339
2025/3/14,稀土ETF,159713.SZ,周期资源,4.24,RISK-ON,ON,0.339
2025/3/14,食品ETF,515170.SH,大消费,4.24,RISK-ON,ON,0.339
2025/3/14,钢铁ETF,515210.SH,周期资源,4.24,RISK-ON,ON,0.339
2025/3/21,钢铁ETF,515210.SH,周期资源,9.82,RISK-ON,ON,0.3366
2025/3/21,建材ETF,516750.SH,地产链,9.82,RISK-ON,ON,0.3366
2025/3/21,红利ETF,515080.SH,红利,5.61,RISK-ON,ON,0.3366
2025/3/21,食品ETF,515170.SH,大消费,4.21,RISK-ON,ON,0.3366
2025/3/21,石油ETF,561360.SH,周期资源,4.21,RISK-ON,ON,0.3366
2025/3/28,畜牧ETF,159867.SZ,农业,9.78,RISK-ON,ON,0.3351
2025/3/28,黄金ETF,159934.SZ,周期资源,9.78,RISK-ON,ON,0.3351
2025/3/28,非银ETF,159892.SZ,大金融,5.59,RISK-ON,ON,0.3351
2025/3/28,有色ETF,159980.SZ,周期资源,4.19,RISK-ON,ON,0.3351
2025/3/28,建材ETF,516750.SH,地产链,4.19,RISK-ON,ON,0.3351
2025/4/3,畜牧ETF,159867.SZ,农业,10.54,RISK-ON,ON,0.3615
2025/4/3,非银ETF,159892.SZ,大金融,6.03,RISK-ON,ON,0.3615
2025/4/3,红利ETF,515080.SH,红利,6.03,RISK-ON,ON,0.3615
2025/4/3,黄金ETF,159934.SZ,周期资源,4.52,RISK-ON,ON,0.3615
2025/4/3,食品ETF,515170.SH,大消费,4.52,RISK-ON,ON,0.3615
2025/4/3,石油ETF,561360.SH,周期资源,4.52,RISK-ON,ON,0.3615
2025/4/11,畜牧ETF,159867.SZ,农业,10.95,RISK-ON,OFF,0.3756
2025/4/11,建材ETF,516750.SH,地产链,10.95,RISK-ON,OFF,0.3756
2025/4/11,红利ETF,515080.SH,红利,6.26,RISK-ON,OFF,0.3756
2025/4/11,黄金ETF,159934.SZ,周期资源,4.69,RISK-ON,OFF,0.3756
2025/4/11,食品ETF,515170.SH,大消费,4.69,RISK-ON,OFF,0.3756
2025/4/18,畜牧ETF,159867.SZ,农业,11.56,RISK-ON,OFF,0.3963
2025/4/18,房地产ETF,512200.SH,地产链,11.56,RISK-ON,OFF,0.3963
2025/4/18,红利ETF,515080.SH,红利,6.6,RISK-ON,OFF,0.3963
2025/4/18,食品ETF,515170.SH,大消费,4.95,RISK-ON,OFF,0.3963
2025/4/18,建材ETF,516750.SH,地产链,4.95,RISK-ON,OFF,0.3963
2025/4/25,畜牧ETF,159867.SZ,农业,11.54,RISK-ON,OFF,0.3957
2025/4/25,非银ETF,159892.SZ,大金融,6.59,RISK-ON,OFF,0.3957
2025/4/25,红利ETF,515080.SH,红利,6.59,RISK-ON,OFF,0.3957
2025/4/25,银行ETF,512800.SH,大金融,4.95,RISK-ON,OFF,0.3957
2025/4/25,食品ETF,515170.SH,大消费,4.95,RISK-ON,OFF,0.3957
2025/4/25,建材ETF,516750.SH,地产链,4.95,RISK-ON,OFF,0.3957
2025/4/30,畜牧ETF,159867.SZ,农业,11.63,RISK-ON,OFF,0.3986
2025/4/30,非银ETF,159892.SZ,大金融,6.64,RISK-ON,OFF,0.3986
2025/4/30,军工ETF,512660.SH,高端制造,6.64,RISK-ON,OFF,0.3986
2025/4/30,消费电子ETF,159779.SZ,科技成长,4.98,RISK-ON,OFF,0.3986
2025/4/30,云计算ETF,159890.SZ,科技成长,4.98,RISK-ON,OFF,0.3986
2025/4/30,食品ETF,515170.SH,大消费,4.98,RISK-ON,OFF,0.3986
2025/5/9,通信ETF,515880.SH,科技成长,12.9,RISK-ON,OFF,0.4423
2025/5/9,非银ETF,159892.SZ,大金融,7.37,RISK-ON,OFF,0.4423
2025/5/9,机器人ETF,562500.SH,高端制造,7.37,RISK-ON,OFF,0.4423
2025/5/9,电池ETF,159755.SZ,新能源,5.53,RISK-ON,OFF,0.4423
2025/5/9,新能源车ETF,515030.SH,新能源,5.53,RISK-ON,OFF,0.4423
2025/5/9,家电ETF,561120.SH,大消费,5.53,RISK-ON,OFF,0.4423
2025/5/16,电池ETF,159755.SZ,新能源,13.49,RISK-ON,OFF,0.4626
2025/5/16,非银ETF,159892.SZ,大金融,7.71,RISK-ON,OFF,0.4626
2025/5/16,机器人ETF,562500.SH,高端制造,7.71,RISK-ON,OFF,0.4626
2025/5/16,稀土ETF,159713.SZ,周期资源,5.78,RISK-ON,OFF,0.4626
2025/5/16,新能源车ETF,515030.SH,新能源,5.78,RISK-ON,OFF,0.4626
2025/5/16,家电ETF,561120.SH,大消费,5.78,RISK-ON,OFF,0.4626
2025/5/23,电池ETF,159755.SZ,新能源,13.66,RISK-ON,OFF,0.4683
2025/5/23,创新药ETF,159992.SZ,大消费,7.81,RISK-ON,OFF,0.4683
2025/5/23,军工ETF,512660.SH,高端制造,7.81,RISK-ON,OFF,0.4683
2025/5/23,医疗器械ETF,159883.SZ,大消费,5.85,RISK-ON,OFF,0.4683
2025/5/23,新能源车ETF,515030.SH,新能源,5.85,RISK-ON,OFF,0.4683
2025/5/23,家电ETF,561120.SH,大消费,5.85,RISK-ON,OFF,0.4683
2025/5/30,创新药ETF,159992.SZ,大消费,13.66,RISK-ON,OFF,0.4682
2025/5/30,畜牧ETF,159867.SZ,农业,7.8,RISK-ON,OFF,0.4682
2025/5/30,非银ETF,159892.SZ,大金融,7.8,RISK-ON,OFF,0.4682
2025/5/30,医疗器械ETF,159883.SZ,大消费,5.85,RISK-ON,OFF,0.4682
2025/5/30,通信ETF,515880.SH,科技成长,5.85,RISK-ON,OFF,0.4682
2025/5/30,石油ETF,561360.SH,周期资源,5.85,RISK-ON,OFF,0.4682
2025/6/6,畜牧ETF,159867.SZ,农业,13.74,RISK-ON,OFF,0.4713
2025/6/6,非银ETF,159892.SZ,大金融,13.74,RISK-ON,OFF,0.4713
2025/6/6,创新药ETF,159992.SZ,大消费,13.74,RISK-ON,OFF,0.4713
2025/6/6,医疗器械ETF,159883.SZ,大消费,5.89,RISK-ON,OFF,0.4713
2025/6/13,畜牧ETF,159867.SZ,农业,13.5,RISK-ON,OFF,0.463
2025/6/13,非银ETF,159892.SZ,大金融,7.72,RISK-ON,OFF,0.463
2025/6/13,黄金ETF,159934.SZ,周期资源,7.72,RISK-ON,OFF,0.463
2025/6/13,稀土ETF,159713.SZ,周期资源,5.79,RISK-ON,OFF,0.463
2025/6/13,通信ETF,515880.SH,科技成长,5.79,RISK-ON,OFF,0.463
2025/6/13,石油ETF,561360.SH,周期资源,5.79,RISK-ON,OFF,0.463
2025/6/20,石油ETF,561360.SH,周期资源,13.52,RISK-ON,ON,0.4635
2025/6/20,通信ETF,515880.SH,科技成长,13.52,RISK-ON,ON,0.4635
2025/6/20,非银ETF,159892.SZ,大金融,7.72,RISK-ON,ON,0.4635
2025/6/20,稀土ETF,159713.SZ,周期资源,5.79,RISK-ON,ON,0.4635
2025/6/20,云计算ETF,159890.SZ,科技成长,5.79,RISK-ON,ON,0.4635
2025/6/27,通信ETF,515880.SH,科技成长,13.4,RISK-ON,ON,0.4595
2025/6/27,电池ETF,159755.SZ,新能源,7.66,RISK-ON,ON,0.4595
2025/6/27,证券ETF,512880.SH,大金融,7.66,RISK-ON,ON,0.4595
2025/6/27,稀土ETF,159713.SZ,周期资源,5.74,RISK-ON,ON,0.4595
2025/6/27,云计算ETF,159890.SZ,科技成长,5.74,RISK-ON,ON,0.4595
2025/6/27,消费电子ETF,159779.SZ,科技成长,5.74,RISK-ON,ON,0.4595
2025/7/4,光伏ETF,159857.SZ,新能源,14.32,RISK-ON,ON,0.4908
2025/7/4,游戏ETF,159869.SZ,科技成长,8.18,RISK-ON,ON,0.4908
2025/7/4,非银ETF,159892.SZ,大金融,8.18,RISK-ON,ON,0.4908
2025/7/4,稀土ETF,159713.SZ,周期资源,6.14,RISK-ON,ON,0.4908
2025/7/4,钢铁ETF,515210.SH,周期资源,6.14,RISK-ON,ON,0.4908
2025/7/4,通信ETF,515880.SH,科技成长,6.14,RISK-ON,ON,0.4908
2025/7/11,光伏ETF,159857.SZ,新能源,14.01,RISK-ON,ON,0.4802
2025/7/11,通信ETF,515880.SH,科技成长,14.01,RISK-ON,ON,0.4802
2025/7/11,房地产ETF,512200.SH,地产链,8,RISK-ON,ON,0.4802
2025/7/11,稀土ETF,159713.SZ,周期资源,6,RISK-ON,ON,0.4802
2025/7/11,钢铁ETF,515210.SH,周期资源,6,RISK-ON,ON,0.4802
2025/7/18,通信ETF,515880.SH,科技成长,13.95,RISK-ON,ON,0.4785
2025/7/18,非银ETF,159892.SZ,大金融,7.97,RISK-ON,ON,0.4785
2025/7/18,军工ETF,512660.SH,高端制造,7.97,RISK-ON,ON,0.4785
2025/7/18,稀土ETF,159713.SZ,周期资源,5.98,RISK-ON,ON,0.4785
2025/7/18,云计算ETF,159890.SZ,科技成长,5.98,RISK-ON,ON,0.4785
2025/7/18,钢铁ETF,515210.SH,周期资源,5.98,RISK-ON,ON,0.4785
2025/7/25,稀土ETF,159713.SZ,周期资源,13.91,RISK-ON,ON,0.477
2025/7/25,建材ETF,516750.SH,地产链,13.91,RISK-ON,ON,0.477
2025/7/25,非银ETF,159892.SZ,大金融,7.95,RISK-ON,ON,0.477
2025/7/25,光伏ETF,159857.SZ,新能源,5.96,RISK-ON,ON,0.477
2025/7/25,钢铁ETF,515210.SH,周期资源,5.96,RISK-ON,ON,0.477
2025/8/1,通信ETF,515880.SH,科技成长,13.87,RISK-ON,ON,0.4757
2025/8/1,非银ETF,159892.SZ,大金融,7.93,RISK-ON,ON,0.4757
2025/8/1,建材ETF,516750.SH,地产链,7.93,RISK-ON,ON,0.4757
2025/8/1,稀土ETF,159713.SZ,周期资源,5.95,RISK-ON,ON,0.4757
2025/8/1,云计算ETF,159890.SZ,科技成长,5.95,RISK-ON,ON,0.4757
2025/8/1,AI_ETF,515980.SH,科技成长,5.95,RISK-ON,ON,0.4757
2025/8/8,稀土ETF,159713.SZ,周期资源,16.61,RISK-ON,ON,0.5695
2025/8/8,通信ETF,515880.SH,科技成长,16.61,RISK-ON,ON,0.5695
2025/8/8,机器人ETF,562500.SH,高端制造,9.49,RISK-ON,ON,0.5695
2025/8/8,航空航天ETF,159227.SZ,高端制造,7.12,RISK-ON,ON,0.5695
2025/8/8,AI_ETF,515980.SH,科技成长,7.12,RISK-ON,ON,0.5695
2025/8/15,通信ETF,515880.SH,科技成长,16.54,RISK-ON,OFF,0.5671
2025/8/15,建材ETF,516750.SH,地产链,9.45,RISK-ON,OFF,0.5671
2025/8/15,机器人ETF,562500.SH,高端制造,9.45,RISK-ON,OFF,0.5671
2025/8/15,稀土ETF,159713.SZ,周期资源,7.09,RISK-ON,OFF,0.5671
2025/8/15,AI_ETF,515980.SH,科技成长,7.09,RISK-ON,OFF,0.5671
2025/8/15,科创芯片ETF,589100.SH,科技成长,7.09,RISK-ON,OFF,0.5671
2025/8/22,通信ETF,515880.SH,科技成长,14.65,RISK-ON,OFF,0.5023
2025/8/22,非银ETF,159892.SZ,大金融,8.37,RISK-ON,OFF,0.5023
2025/8/22,机器人ETF,562500.SH,高端制造,8.37,RISK-ON,OFF,0.5023
2025/8/22,消费电子ETF,159779.SZ,科技成长,6.28,RISK-ON,OFF,0.5023
2025/8/22,AI_ETF,515980.SH,科技成长,6.28,RISK-ON,OFF,0.5023
2025/8/22,科创芯片ETF,589100.SH,科技成长,6.28,RISK-ON,OFF,0.5023
2025/8/29,通信ETF,515880.SH,科技成长,15.09,RISK-ON,OFF,0.5174
2025/8/29,电池ETF,159755.SZ,新能源,8.62,RISK-ON,OFF,0.5174
2025/8/29,机器人ETF,562500.SH,高端制造,8.62,RISK-ON,OFF,0.5174
2025/8/29,消费电子ETF,159779.SZ,科技成长,6.47,RISK-ON,OFF,0.5174
2025/8/29,AI_ETF,515980.SH,科技成长,6.47,RISK-ON,OFF,0.5174
2025/8/29,科创芯片ETF,589100.SH,科技成长,6.47,RISK-ON,OFF,0.5174
2025/9/5,电池ETF,159755.SZ,新能源,8.62,RISK-ON,OFF,0.517
2025/9/5,创新药ETF,159992.SZ,大消费,8.62,RISK-ON,OFF,0.517
2025/9/5,通信ETF,515880.SH,科技成长,8.62,RISK-ON,OFF,0.517
2025/9/5,消费电子ETF,159779.SZ,科技成长,6.46,RISK-ON,OFF,0.517
2025/9/5,新能源车ETF,515030.SH,新能源,6.46,RISK-ON,OFF,0.517
2025/9/5,AI_ETF,515980.SH,科技成长,6.46,RISK-ON,OFF,0.517
2025/9/5,科创芯片ETF,589100.SH,科技成长,6.46,RISK-ON,OFF,0.517
2025/9/12,电池ETF,159755.SZ,新能源,8.63,RISK-ON,OFF,0.5176
2025/9/12,畜牧ETF,159867.SZ,农业,8.63,RISK-ON,OFF,0.5176
2025/9/12,通信ETF,515880.SH,科技成长,8.63,RISK-ON,OFF,0.5176
2025/9/12,消费电子ETF,159779.SZ,科技成长,6.47,RISK-ON,OFF,0.5176
2025/9/12,新能源车ETF,515030.SH,新能源,6.47,RISK-ON,OFF,0.5176
2025/9/12,AI_ETF,515980.SH,科技成长,6.47,RISK-ON,OFF,0.5176
2025/9/12,科创芯片ETF,589100.SH,科技成长,6.47,RISK-ON,OFF,0.5176
2025/9/19,电池ETF,159755.SZ,新能源,15.45,RISK-ON,OFF,0.5296
2025/9/19,黄金ETF,159934.SZ,周期资源,8.83,RISK-ON,OFF,0.5296
2025/9/19,通信ETF,515880.SH,科技成长,8.83,RISK-ON,OFF,0.5296
2025/9/19,电网设备ETF,159326.SZ,新能源,6.62,RISK-ON,OFF,0.5296
2025/9/19,消费电子ETF,159779.SZ,科技成长,6.62,RISK-ON,OFF,0.5296
2025/9/19,新能源车ETF,515030.SH,新能源,6.62,RISK-ON,OFF,0.5296
2025/9/26,科创芯片ETF,589100.SH,科技成长,15.68,RISK-ON,OFF,0.5376
2025/9/26,电池ETF,159755.SZ,新能源,8.96,RISK-ON,OFF,0.5376
2025/9/26,房地产ETF,512200.SH,地产链,8.96,RISK-ON,OFF,0.5376
2025/9/26,电网设备ETF,159326.SZ,新能源,6.72,RISK-ON,OFF,0.5376
2025/9/26,光伏ETF,159857.SZ,新能源,6.72,RISK-ON,OFF,0.5376
2025/9/26,新能源车ETF,515030.SH,新能源,6.72,RISK-ON,OFF,0.5376
2025/9/30,科创芯片ETF,589100.SH,科技成长,15.39,RISK-ON,OFF,0.5276
2025/9/30,电池ETF,159755.SZ,新能源,8.79,RISK-ON,OFF,0.5276
2025/9/30,机器人ETF,562500.SH,高端制造,8.79,RISK-ON,OFF,0.5276
2025/9/30,电网设备ETF,159326.SZ,新能源,6.59,RISK-ON,OFF,0.5276
2025/9/30,新能源车ETF,515030.SH,新能源,6.59,RISK-ON,OFF,0.5276
2025/9/30,消费电子ETF,159779.SZ,科技成长,6.59,RISK-ON,OFF,0.5276
2025/10/10,电网设备ETF,159326.SZ,新能源,15.14,RISK-ON,OFF,0.5192
2025/10/10,科创芯片ETF,589100.SH,科技成长,15.14,RISK-ON,OFF,0.5192
2025/10/10,黄金ETF,159934.SZ,周期资源,8.65,RISK-ON,OFF,0.5192
2025/10/10,消费电子ETF,159779.SZ,科技成长,6.49,RISK-ON,OFF,0.5192
2025/10/10,新能源车ETF,515030.SH,新能源,6.49,RISK-ON,OFF,0.5192
2025/10/17,电网设备ETF,159326.SZ,新能源,14.47,RISK-ON,OFF,0.4961
2025/10/17,黄金ETF,159934.SZ,周期资源,14.47,RISK-ON,OFF,0.4961
2025/10/17,红利ETF,515080.SH,红利,8.27,RISK-ON,OFF,0.4961
2025/10/17,稀土ETF,159713.SZ,周期资源,6.2,RISK-ON,OFF,0.4961
2025/10/17,钢铁ETF,515210.SH,周期资源,6.2,RISK-ON,OFF,0.4961
2025/10/24,电网设备ETF,159326.SZ,新能源,14.53,RISK-ON,OFF,0.4981
2025/10/24,红利ETF,515080.SH,红利,14.53,RISK-ON,OFF,0.4981
2025/10/24,煤炭ETF,515220.SH,周期资源,14.53,RISK-ON,OFF,0.4981
2025/10/24,稀土ETF,159713.SZ,周期资源,6.23,RISK-ON,OFF,0.4981
2025/10/31,电网设备ETF,159326.SZ,新能源,14.72,RISK-ON,OFF,0.5046
2025/10/31,红利ETF,515080.SH,红利,14.72,RISK-ON,OFF,0.5046
2025/10/31,煤炭ETF,515220.SH,周期资源,14.72,RISK-ON,OFF,0.5046
2025/10/31,石油ETF,561360.SH,周期资源,6.31,RISK-ON,OFF,0.5046
2025/11/7,光伏ETF,159857.SZ,新能源,14.36,RISK-ON,OFF,0.4922
2025/11/7,红利ETF,515080.SH,红利,14.36,RISK-ON,OFF,0.4922
2025/11/7,煤炭ETF,515220.SH,周期资源,8.2,RISK-ON,OFF,0.4922
2025/11/7,电网设备ETF,159326.SZ,新能源,6.15,RISK-ON,OFF,0.4922
2025/11/7,石油ETF,561360.SH,周期资源,6.15,RISK-ON,OFF,0.4922
2025/11/14,光伏ETF,159857.SZ,新能源,14.06,RISK-ON,OFF,0.4822
2025/11/14,化工ETF,159870.SZ,周期资源,8.04,RISK-ON,OFF,0.4822
2025/11/14,红利ETF,515080.SH,红利,8.04,RISK-ON,OFF,0.4822
2025/11/14,电网设备ETF,159326.SZ,新能源,6.03,RISK-ON,OFF,0.4822
2025/11/14,新能源车ETF,515030.SH,新能源,6.03,RISK-ON,OFF,0.4822
2025/11/14,石油ETF,561360.SH,周期资源,6.03,RISK-ON,OFF,0.4822
2025/11/21,畜牧ETF,159867.SZ,农业,12.39,RISK-ON,OFF,0.4249
2025/11/21,化工ETF,159870.SZ,周期资源,7.08,RISK-ON,OFF,0.4249
2025/11/21,红利ETF,515080.SH,红利,7.08,RISK-ON,OFF,0.4249
2025/11/21,钢铁ETF,515210.SH,周期资源,5.31,RISK-ON,OFF,0.4249
2025/11/21,建材ETF,516750.SH,地产链,5.31,RISK-ON,OFF,0.4249
2025/11/21,石油ETF,561360.SH,周期资源,5.31,RISK-ON,OFF,0.4249
2025/11/28,畜牧ETF,159867.SZ,农业,12.54,RISK-ON,OFF,0.4299
2025/11/28,黄金ETF,159934.SZ,周期资源,7.17,RISK-ON,OFF,0.4299
2025/11/28,红利ETF,515080.SH,红利,7.17,RISK-ON,OFF,0.4299
2025/11/28,有色ETF,159980.SZ,周期资源,5.37,RISK-ON,OFF,0.4299
2025/11/28,建材ETF,516750.SH,地产链,5.37,RISK-ON,OFF,0.4299
2025/11/28,石油ETF,561360.SH,周期资源,5.37,RISK-ON,OFF,0.4299
2025/12/5,航空航天ETF,159227.SZ,高端制造,12.53,RISK-ON,OFF,0.4297
2025/12/5,有色ETF,159980.SZ,周期资源,12.53,RISK-ON,OFF,0.4297
2025/12/5,非银ETF,159892.SZ,大金融,7.16,RISK-ON,OFF,0.4297
2025/12/5,家电ETF,561120.SH,大消费,5.37,RISK-ON,OFF,0.4297
2025/12/5,石油ETF,561360.SH,周期资源,5.37,RISK-ON,OFF,0.4297
2025/12/12,航空航天ETF,159227.SZ,高端制造,12.58,RISK-ON,OFF,0.4314
2025/12/12,有色ETF,159980.SZ,周期资源,12.58,RISK-ON,OFF,0.4314
2025/12/12,通信ETF,515880.SH,科技成长,7.19,RISK-ON,OFF,0.4314
2025/12/12,云计算ETF,159890.SZ,科技成长,5.39,RISK-ON,OFF,0.4314
2025/12/12,消费电子ETF,159779.SZ,科技成长,5.39,RISK-ON,OFF,0.4314
2025/12/19,航空航天ETF,159227.SZ,高端制造,12.86,RISK-ON,OFF,0.441
2025/12/19,有色ETF,159980.SZ,周期资源,12.86,RISK-ON,OFF,0.441
2025/12/19,通信ETF,515880.SH,科技成长,7.35,RISK-ON,OFF,0.441
2025/12/19,云计算ETF,159890.SZ,科技成长,5.51,RISK-ON,OFF,0.441
2025/12/19,消费电子ETF,159779.SZ,科技成长,5.51,RISK-ON,OFF,0.441
2025/12/26,航空航天ETF,159227.SZ,高端制造,12.72,RISK-ON,OFF,0.4361
2025/12/26,电网设备ETF,159326.SZ,新能源,7.27,RISK-ON,OFF,0.4361
2025/12/26,化工ETF,159870.SZ,周期资源,7.27,RISK-ON,OFF,0.4361
2025/12/26,有色ETF,159980.SZ,周期资源,5.45,RISK-ON,OFF,0.4361
2025/12/26,军工ETF,512660.SH,高端制造,5.45,RISK-ON,OFF,0.4361
2025/12/26,石油ETF,561360.SH,周期资源,5.45,RISK-ON,OFF,0.4361
2025/12/31,航空航天ETF,159227.SZ,高端制造,12.77,RISK-ON,OFF,0.4377
2025/12/31,新能源车ETF,515030.SH,新能源,7.29,RISK-ON,OFF,0.4377
2025/12/31,通信ETF,515880.SH,科技成长,7.29,RISK-ON,OFF,0.4377
2025/12/31,云计算ETF,159890.SZ,科技成长,5.47,RISK-ON,OFF,0.4377
2025/12/31,军工ETF,512660.SH,高端制造,5.47,RISK-ON,OFF,0.4377
2025/12/31,石油ETF,561360.SH,周期资源,5.47,RISK-ON,OFF,0.4377
2026/1/9,航空航天ETF,159227.SZ,高端制造,12.12,RISK-ON,OFF,0.4156
2026/1/9,稀土ETF,159713.SZ,周期资源,12.12,RISK-ON,OFF,0.4156
2026/1/9,软件ETF,515230.SH,科技成长,6.93,RISK-ON,OFF,0.4156
2026/1/9,军工ETF,512660.SH,高端制造,5.19,RISK-ON,OFF,0.4156
2026/1/9,石油ETF,561360.SH,周期资源,5.19,RISK-ON,OFF,0.4156
2026/1/16,科创芯片ETF,589100.SH,科技成长,11.94,RISK-ON,OFF,0.4095
2026/1/16,电网设备ETF,159326.SZ,新能源,6.82,RISK-ON,OFF,0.4095
2026/1/16,军工ETF,512660.SH,高端制造,6.82,RISK-ON,OFF,0.4095
2026/1/16,稀土ETF,159713.SZ,周期资源,5.12,RISK-ON,OFF,0.4095
2026/1/16,云计算ETF,159890.SZ,科技成长,5.12,RISK-ON,OFF,0.4095
2026/1/16,软件ETF,515230.SH,科技成长,5.12,RISK-ON,OFF,0.4095
2026/1/23,科创芯片ETF,589100.SH,科技成长,11.95,RISK-ON,OFF,0.4096
2026/1/23,航空航天ETF,159227.SZ,高端制造,6.83,RISK-ON,OFF,0.4096
2026/1/23,光伏ETF,159857.SZ,新能源,6.83,RISK-ON,OFF,0.4096
2026/1/23,稀土ETF,159713.SZ,周期资源,5.12,RISK-ON,OFF,0.4096
2026/1/23,云计算ETF,159890.SZ,科技成长,5.12,RISK-ON,OFF,0.4096
2026/1/23,石油ETF,561360.SH,周期资源,5.12,RISK-ON,OFF,0.4096
2026/1/30,建材ETF,516750.SH,地产链,11.86,RISK-ON,OFF,0.4065
2026/1/30,科创芯片ETF,589100.SH,科技成长,11.86,RISK-ON,OFF,0.4065
2026/1/30,黄金ETF,159934.SZ,周期资源,6.78,RISK-ON,OFF,0.4065
2026/1/30,云计算ETF,159890.SZ,科技成长,5.08,RISK-ON,OFF,0.4065
2026/1/30,石油ETF,561360.SH,周期资源,5.08,RISK-ON,OFF,0.4065
2026/2/6,石油ETF,561360.SH,周期资源,11.4,RISK-ON,OFF,0.3908
2026/2/6,建材ETF,516750.SH,地产链,11.4,RISK-ON,OFF,0.3908
2026/2/6,电网设备ETF,159326.SZ,新能源,6.51,RISK-ON,OFF,0.3908
2026/2/6,红利ETF,515080.SH,红利,4.89,RISK-ON,OFF,0.3908
2026/2/6,光伏ETF,159857.SZ,新能源,4.89,RISK-ON,OFF,0.3908
2026/2/13,红利ETF,515080.SH,红利,11.69,RISK-ON,OFF,0.4008
2026/2/13,建材ETF,516750.SH,地产链,11.69,RISK-ON,OFF,0.4008
2026/2/13,石油ETF,561360.SH,周期资源,11.69,RISK-ON,OFF,0.4008
2026/2/13,煤炭ETF,515220.SH,周期资源,5.01,RISK-ON,OFF,0.4008
2026/2/27,石油ETF,561360.SH,周期资源,12.58,RISK-ON,OFF,0.4313
2026/2/27,畜牧ETF,159867.SZ,农业,7.19,RISK-ON,OFF,0.4313
2026/2/27,红利ETF,515080.SH,红利,7.19,RISK-ON,OFF,0.4313
2026/2/27,稀土ETF,159713.SZ,周期资源,5.39,RISK-ON,OFF,0.4313
2026/2/27,钢铁ETF,515210.SH,周期资源,5.39,RISK-ON,OFF,0.4313
2026/2/27,煤炭ETF,515220.SH,周期资源,5.39,RISK-ON,OFF,0.4313
2026/3/6,石油ETF,561360.SH,周期资源,13.69,RISK-ON,OFF,0.4693
2026/3/6,电网设备ETF,159326.SZ,新能源,7.82,RISK-ON,OFF,0.4693
2026/3/6,红利ETF,515080.SH,红利,7.82,RISK-ON,OFF,0.4693
2026/3/6,稀土ETF,159713.SZ,周期资源,5.87,RISK-ON,OFF,0.4693
2026/3/6,光伏ETF,159857.SZ,新能源,5.87,RISK-ON,OFF,0.4693
2026/3/6,钢铁ETF,515210.SH,周期资源,5.87,RISK-ON,OFF,0.4693
2026/3/13,畜牧ETF,159867.SZ,农业,13.63,RISK-ON,OFF,0.4673
2026/3/13,煤炭ETF,515220.SH,周期资源,13.63,RISK-ON,OFF,0.4673
2026/3/13,电网设备ETF,159326.SZ,新能源,7.79,RISK-ON,OFF,0.4673
2026/3/13,红利ETF,515080.SH,红利,5.84,RISK-ON,OFF,0.4673
2026/3/13,钢铁ETF,515210.SH,周期资源,5.84,RISK-ON,OFF,0.4673
2026/3/20,光伏ETF,159857.SZ,新能源,13.09,RISK-ON,OFF,0.4489
2026/3/20,畜牧ETF,159867.SZ,农业,13.09,RISK-ON,OFF,0.4489
2026/3/20,红利ETF,515080.SH,红利,13.09,RISK-ON,OFF,0.4489
2026/3/20,煤炭ETF,515220.SH,周期资源,5.61,RISK-ON,OFF,0.4489
2026/3/27,电池ETF,159755.SZ,新能源,13.04,RISK-ON,OFF,0.4471
2026/3/27,银行ETF,512800.SH,大金融,13.04,RISK-ON,OFF,0.4471
2026/3/27,红利ETF,515080.SH,红利,7.45,RISK-ON,OFF,0.4471
2026/3/27,光伏ETF,159857.SZ,新能源,5.59,RISK-ON,OFF,0.4471
2026/3/27,新能源车ETF,515030.SH,新能源,5.59,RISK-ON,OFF,0.4471
2026/4/3,创新药ETF,159992.SZ,大消费,12.86,RISK-ON,OFF,0.441
2026/4/3,非银ETF,159892.SZ,大金融,7.35,RISK-ON,OFF,0.441
2026/4/3,红利ETF,515080.SH,红利,7.35,RISK-ON,OFF,0.441
2026/4/3,医疗器械ETF,159883.SZ,大消费,5.51,RISK-ON,OFF,0.441
2026/4/3,新能源车ETF,515030.SH,新能源,5.51,RISK-ON,OFF,0.441
2026/4/3,食品ETF,515170.SH,大消费,5.51,RISK-ON,OFF,0.441
2026/4/10,创新药ETF,159992.SZ,大消费,13.3,RISK-ON,OFF,0.4558
2026/4/10,非银ETF,159892.SZ,大金融,7.6,RISK-ON,OFF,0.4558
2026/4/10,通信ETF,515880.SH,科技成长,7.6,RISK-ON,OFF,0.4558
2026/4/10,消费电子ETF,159779.SZ,科技成长,5.7,RISK-ON,OFF,0.4558
2026/4/10,AI_ETF,515980.SH,科技成长,5.7,RISK-ON,OFF,0.4558
2026/4/10,科创芯片ETF,589100.SH,科技成长,5.7,RISK-ON,OFF,0.4558
2026/4/17,新能源车ETF,515030.SH,新能源,13.14,RISK-ON,OFF,0.4505
2026/4/17,通信ETF,515880.SH,科技成长,7.51,RISK-ON,OFF,0.4505
2026/4/17,机器人ETF,562500.SH,高端制造,7.51,RISK-ON,OFF,0.4505
2026/4/17,消费电子ETF,159779.SZ,科技成长,5.63,RISK-ON,OFF,0.4505
2026/4/17,AI_ETF,515980.SH,科技成长,5.63,RISK-ON,OFF,0.4505
2026/4/17,科创芯片ETF,589100.SH,科技成长,5.63,RISK-ON,OFF,0.4505
2026/4/23,电网设备ETF,159326.SZ,新能源,7.63,RISK-ON,OFF,0.4578
2026/4/23,通信ETF,515880.SH,科技成长,7.63,RISK-ON,OFF,0.4578
2026/4/23,军工ETF,512660.SH,高端制造,7.63,RISK-ON,OFF,0.4578
2026/4/23,云计算ETF,159890.SZ,科技成长,5.72,RISK-ON,OFF,0.4578
2026/4/23,消费电子ETF,159779.SZ,科技成长,5.72,RISK-ON,OFF,0.4578
2026/4/23,AI_ETF,515980.SH,科技成长,5.72,RISK-ON,OFF,0.4578
2026/4/23,科创芯片ETF,589100.SH,科技成长,5.72,RISK-ON,OFF,0.4578
